,Region,Departemen,Sous_prefe,Nature_loc,CoordY,CoordX,Loc_hote,Type_loc,Villages,ZoneUTM,TranchCDP,COM_AJI,Flag,GlobalID,CreationDa,Creator,EditDate,Editor,geometry
0,GBEKE,BOUAKE,BOUAKE,Un village,7.715291,-4.889294,KOBLEKRO,Bassin,ABOKRO,30,Tranche 2,Rétiré par Mob COm,2,{998f80f0-b782-49a2-ac7d-8aee45b35ff0},2022-09-15,KouassiElodie,2022-10-17,KouassiElodie,POINT (291622.79899999965 853284.3961999994)
1,GBEKE,BOTRO,LANGUIBONOU,Un village,7.681265,-5.336167,AHOUGNANFOUTOU,Bassin,ABOLIKRO,30,Tranche 1,,1,{5f3157ef-9b91-4b28-883c-df91a8fbdd4b},2022-09-15,KouassiElodie,2022-10-17,KouassiElodie,POINT (242290.97200000007 849764.0106000006)
2,GBEKE,BEOUMI,ANDO-KEKRENOU,Un village,7.567099,-5.531132,MANDANOU,Bassin,ABOUAKRO,30,Tranche 2,Depends de Mandanou et non Akadiafoué,1,{517261b8-a2f3-4c76-abaf-4a83a4e57fef},2022-09-15,KouassiElodie,2022-10-17,KouassiElodie,POINT (220696.68589999992 837253.2876999993)
3,GBEKE,BOUAKE,DJEBONOUA,Un village,7.4959,-5.059553,KONDOUKRO,Bassin,ADJEKRO,30,Tranche 2,,1,{6163f970-21cf-4d6d-a523-56baf2cb1be7},2022-09-15,KouassiElodie,2022-10-17,KouassiElodie,POINT (272721.2675999999 829102.5475999992)
4,GBEKE,SAKASSOU,SAKASSOU,Un village,7.553028,-5.279981,ADJOUGOUANSOU,Hote,ADJOUGOUANSOU,30,Tranche 2,,1,{f56d3ab1-c7a0-46df-a954-1c90460a5b42},2022-09-15,KouassiElodie,2022-10-17,KouassiElodie,POINT (248417.34640000015 835543.1499000005)
5,GBEKE,BEOUMI,BEOUMI,Un village,7.670203,-5.462404,AFFOTOBO,Hote,AFFOTOBO,30,Tranche 2,,1,{7f80b712-c650-4499-812e-0c48a4433569},2022-09-15,KouassiElodie,2022-10-17,KouassiElodie,POINT (228350.2753999997 848618.0464999992)
6,GBEKE,BOUAKE,BOUAKE,Un village,7.760817,-4.922768,KAHANKRO,Bassin,AFFOUEKRO,30,Tranche 2,Ce village est dans le bassin de Kahankro (Tranche 2),1,{22dd6dfe-ef25-4edf-bd8f-83e8c121751f},2022-09-15,KouassiElodie,2022-10-17,KouassiElodie,POINT (287952.25659999996 858336.5548999999)
7,GBEKE,BEOUMI,BODOKRO,Un village,7.927229,-5.465455,KOUAKOU BAKAKRO,Bassin,AGBA KOUASSIKRO,30,Tranche 2,,1,{f25cc606-13b6-4226-9e29-c6ecec95f126},2022-09-15,KouassiElodie,2022-10-17,KouassiElodie,POINT (228179.65359999985 877059.8570000008)
8,GBEKE,BOUAKE,BOUAKE,Un village,7.616359,-5.011347,RAFFIERKRO,Bassin,AGBANGNASSOU,30,Tranche 2,,1,{4da77288-b7a3-4b82-8237-ec86b5ee8290},2022-09-15,KouassiElodie,2022-10-17,KouassiElodie,POINT (278104.65079999994 842402.5030000005)
9,GBEKE,BEOUMI,ANDO-KEKRENOU,Un village,7.503809,-5.603251,ANDO,Bassin,AGONASSOU 1,30,Tranche 2,Le bassin compte deux villages distincts du nom de Agonansou: 1 et 2,1,{cc954121-03e4-45dc-b2c9-9ae5a69f144e},2022-09-15,KouassiElodie,2022-10-17,KouassiElodie,POINT (212691.54530000035 830296.6257000007)
10,GBEKE,BEOUMI,LOLOBO,Un village,7.752089,-5.399669,LOLOBO,Bassin,AHOUNZE KOUADIOKRO,30,Tranche 1,,1,{f4501f60-9b42-463f-a26d-7e9a456da9ec},2022-09-15,KouassiElodie,2022-10-17,KouassiElodie,POINT (235326.06060000043 857639.0167999994)
11,GBEKE,BEOUMI,BEOUMI,Un village,7.607757,-5.523644,AKADIAFOUE,Hote,AKADIAFOUE,30,Tranche 1,,1,{58c713ea-ff8c-4e76-8a56-b487d9b664ae},2022-09-15,KouassiElodie,2022-10-17,KouassiElodie,POINT (221549.6682000002 841747.4387999997)
12,GBEKE,BOUAKE,BOUAKE,Un village,7.623663,-5.10599,AKANZAKRO,Hote,AKANZAKRO,30,Tranche 2,,1,{5b8d4a15-fade-44cf-912f-1188973630af},2022-09-15,KouassiElodie,2022-10-17,KouassiElodie,POINT (267662.94120000023 843260.2533999998)
13,GBEKE,SAKASSOU,SAKASSOU,Un village,7.50304909,-5.23283221,AKETE,Hote,AKETE,30,Tranche 2,Ajouté par MobCom,1,{0a3f5cf4-3992-49f1-a025-3cae9c5a5ff5},2022-09-15,KouassiElodie,2022-10-17,KouassiElodie,POINT (253594.2851999998 829986.9864000008)
14,GBEKE,BEOUMI,BODOKRO,Un village,7.873515,-5.57657689,N'DAKRO,Bassin,AKOUMIAKRO,30,Tranche 2,,1,{fdff0bc7-ae88-442a-93da-4fd518f69e95},2022-09-15,KouassiElodie,2022-10-17,KouassiElodie,POINT (215883.69209999964 871190.3397000004)
15,GBEKE,BOUAKE,BOUAKE,Un village,7.850809,-5.058854,BAMORO,Bassin,AKPOKRO,30,Tranche 3,,1,{729b4257-2aa1-485b-acf9-ec18fcd9bfd0},2022-09-15,KouassiElodie,2022-10-17,KouassiElodie,POINT (272986.8903000001 868361.9238000009)
16,GBEKE,SAKASSOU,SAKASSOU,Un village,7.347114,-5.25912,ANDOFOUEBONOU,Bassin,ALLOKODJEKRO,30,Tranche 1,"Selon Mob Com, ce village est situé à plus de 5 km du village hôte sur le terrain. A verifier sur le terrain.",2,{58e6b0f7-b87c-479e-aea4-55b9a25aca42},2022-09-15,KouassiElodie,2022-10-18,KouassiElodie,POINT (250603.87459999975 812750.3998000007)
17,GBEKE,BEOUMI,LOLOBO,Un village,7.780329,-5.385049,LOLOBO,Bassin,ALLOKO-SAKASSOU,30,Tranche 1,,1,{f547ae63-55b8-4d2b-9520-4f038876e788},2022-09-15,KouassiElodie,2022-10-17,KouassiElodie,POINT (236957.08160000015 860754.4907000009)
18,GBEKE,BOUAKE,BOUAKE,Un village,7.772712,-4.890264,ASSENGOU-KPLI,Bassin,ALLOMABO,30,Tranche 3,,1,{2d9c0ddd-f701-4f57-a6b7-7a95dfc8c772},2022-09-15,KouassiElodie,2022-10-17,KouassiElodie,POINT (291544.02130000014 859636.1264999993)
19,GBEKE,BEOUMI,ANDO-KEKRENOU,Un village,7.50783495,-5.57824502,ANDO,Hote,ANDO,30,Tranche 2,,1,{cf1ad8c2-db7c-48e4-8af3-6f1dddeadead},2022-09-15,KouassiElodie,2022-10-17,KouassiElodie,POINT (215455.77799999993 830725.8105999995)
20,GBEKE,SAKASSOU,SAKASSOU,Un village,7.403397,-5.300455,ANDOBO-ALLUIBO,Hote,ANDOBO-ALLUIBO,30,Tranche 2,,1,{5b97897c-8a84-4dd2-97c9-a119c7b1d1d2},2022-09-15,KouassiElodie,2022-10-17,KouassiElodie,POINT (246070.43030000012 819000.5210999995)
21,GBEKE,SAKASSOU,SAKASSOU,Un village,7.381011,-5.240499,ANDOFOUEBONOU,Hote,ANDOFOUEBONOU,30,Tranche 1,,1,{7e8532f8-999c-4ccd-86b3-aac95b3374b7},2022-09-15,KouassiElodie,2022-10-17,KouassiElodie,POINT (252679.37519999966 816490.1131999996)
22,GBEKE,BOUAKE,DJEBONOUA,Un village,7.433182,-5.121854,ASSOUAKRO,Bassin,ANDOKRO,30,Tranche 2,,1,{8c6e9e7f-3da2-4b4c-a2a5-de7db675bd62},2022-09-15,KouassiElodie,2022-10-17,KouassiElodie,POINT (265809.7307000002 822197.2784000002)
23,GBEKE,BOTRO,LANGUIBONOU,Un village,7.657612,-5.314231,ANDOKRO-KOUAKOU,Hote,ANDOKRO-KOUAKOU,30,Tranche 2,,1,{b6bb9e01-4bf1-4445-8e93-af73ebe6fa86},2022-09-15,KouassiElodie,2022-12-15,KouassiElodie,POINT (244697.9626000002 847133.9634000007)
24,GBEKE,BOTRO,LANGUIBONOU,Un village,7.637462,-5.234143,ANGOKOUN-KPANGBASSOU,Hote,ANGOKOUN-KPANGBASSOU,30,Tranche 2,,1,{e3154e4d-64e9-4e60-9e50-3729b182fd4e},2022-09-15,KouassiElodie,2022-10-17,KouassiElodie,POINT (253525.98919999972 844857.9628999997)
25,GBEKE,BOTRO,LANGUIBONOU,Un village,7.689937,-5.321786,AHOUGNANFOUTOU,Hote,AOUGNANFOUTOU,30,Tranche 1,,1,{8b8f8423-209f-435f-89c9-2b459ba7ed46},2022-09-15,KouassiElodie,2022-10-17,KouassiElodie,POINT (243883.42839999963 850714.8353000004)
26,GBEKE,SAKASSOU,DIBRI-ASRIKRO,Un village,7.625048,-5.240157,ANGOKOUN-KPANGBASSOU,Bassin,ANGOKOUN-APPIAKRO,30,Tranche 2,,1,{6b095897-4c2c-4c61-93ab-2a179f12af63},2022-09-15,KouassiElodie,2022-10-17,KouassiElodie,POINT (252855.05310000014 843488.0269000009)
27,GBEKE,SAKASSOU,SAKASSOU,Un village,7.542042,-5.309492,GOLIBLENOU,Bassin,ASSABOU-KOUASSIKRO,30,Tranche 1,,1,{b12bf74a-2ecb-4e49-a0ad-805b751d134b},2022-09-15,KouassiElodie,2022-10-17,KouassiElodie,POINT (245152.83629999962 834344.8579999991)
28,GBEKE,BEOUMI,BEOUMI,Un village,7.692144,-5.461092,AFFOTOBO,Bassin,ASSAKRA,30,Tranche 2,,1,{b74937f7-ca4b-4448-855b-f732ca4ad40f},2022-09-15,KouassiElodie,2022-10-17,KouassiElodie,POINT (228509.04750000034 851044.9640999995)
29,GBEKE,BOTRO,LANGUIBONOU,Un village,7.69788,-5.358855,AHOUGNANFOUTOU,Bassin,ASSAMOI-POKOUKRO,30,Tranche 1,,1,{c1bf1ca5-9b79-4c80-b8b2-61badea76c44},2022-09-15,KouassiElodie,2022-10-17,KouassiElodie,POINT (239796.96190000046 851616.0309999995)
30,GBEKE,BOUAKE,BOUAKE,Un village,7.566224,-5.007958,TIEPLE,Bassin,ASSANDRE,30,Tranche 1,,1,{14bde64d-d6c4-4e38-84b5-03bf1c8d95f7},2022-09-15,KouassiElodie,2022-10-17,KouassiElodie,POINT (278452.9944000002 836855.0599000007)
31,GBEKE,BOUAKE,DJEBONOUA,Un village,7.571887,-5.048722,ASSENGOU,Hote,ASSENGOU,30,Tranche 2,,1,{17ea4ebe-61e0-4a73-a513-f29efc856453},2022-09-15,KouassiElodie,2022-10-17,KouassiElodie,POINT (273956.42619999964 837502.4725000001)
32,GBEKE,BOUAKE,BOUAKE,Un village,7.7577729,-4.88593672,ASSENGOU-KPLI,Hote,ASSENGOU-KPLI,30,Tranche 3,,1,{78ce43d1-3685-4ea8-9065-4e4837dbfa75},2022-09-15,KouassiElodie,2022-10-17,KouassiElodie,POINT (292014.04470000044 857981.6074999999)
33,GBEKE,BEOUMI,BEOUMI,Un village,7.6693802,-5.51892897,BELAKRO,Bassin,ASSENGOU,30,Tranche 1,,1,{cecd28f2-ed04-429b-8250-986eeaf8d7a3},2022-09-15,KouassiElodie,2022-10-17,KouassiElodie,POINT (222110.10919999983 848563.2263999991)
34,GBEKE,BEOUMI,BEOUMI,Un village,7.691608,-5.548153,ASSENZE,Hote,ASSENZE,30,Tranche 3,,1,{db20be6f-c53d-4309-8df1-cda06e72a2cd},2022-09-15,KouassiElodie,2022-10-17,KouassiElodie,POINT (218898.67109999992 851041.9184000008)
35,GBEKE,BOUAKE,DJEBONOUA,Un village,7.426749,-5.093918,ASSOUAKRO,Hote,ASSOUAKRO,30,Tranche 2,,1,{09dc4355-6165-445d-8c6c-c42f8c320e8c},2022-09-15,KouassiElodie,2022-10-17,KouassiElodie,POINT (268891.0240000002 821470.9686999992)
36,GBEKE,BOUAKE,BOUAKE,Un village,7.599701,-5.118385,AKANZAKRO,Bassin,ATTIEN KONANKRO,30,Tranche 2,,1,{5fa3627a-890d-4044-a05d-4341fb91eb4a},2022-09-15,KouassiElodie,2022-10-17,KouassiElodie,POINT (266281.9084999999 840616.1996999998)
37,GBEKE,BOTRO,KROFOINSOU,Un village,7.98989221,-5.32382618,BALEKRO,Hote,BALEKRO,30,Tranche 2,,1,{f57854d9-5054-4e29-81a3-047b245692d2},2022-09-15,KouassiElodie,2022-12-15,KouassiElodie,POINT (243841.96040000021 883902.7699999996)
38,GBEKE,BOTRO,BOTRO,Un village,7.832048,-5.320565,KOUKROUTIE,Bassin,BAMELA,30,Tranche 3,,1,{3c80153c-1df7-4dfd-b425-2d0bc4576f5c},2022-09-15,KouassiElodie,2022-10-17,KouassiElodie,POINT (244104.23089999985 866437.0239000004)
39,GBEKE,BOUAKE,BOUAKE,Un village,7.824367,-5.075541,BAMORO,Hote,BAMORO,30,Tranche 3,Vérifier les coordonnées/ Le nom exact du village hôte est BAMORO BAOULE,1,{6b2212c3-51c5-4ee2-8ca3-75aa57166a0c},2022-09-15,KouassiElodie,2022-10-17,KouassiElodie,POINT (271131.71750000026 865445.9580000006)
40,GBEKE,BEOUMI,BEOUMI,Un village,7.667755,-5.504382,BELAKRO,Hote,BELAKRO,30,Tranche 1,,1,{3673d904-4c7c-42e8-90eb-7cc90b6e1557},2022-09-15,KouassiElodie,2022-10-17,KouassiElodie,POINT (223714.8861999996 848373.9934)
41,GBEKE,BOUAKE,BOUAKE,Un village,7.651751,-5.129931,BENDEKOUASSIKRO,Hote,BENDEKOUASSIKRO,30,Tranche 1,"Bendekouassikro est le regroupeme de 03 villages que sont : Benekro (-5,127927; 7,654069), Kouakoukro (-5,130743; 7,653405) et Pinekro (-5,130672; 7,651978). Notons que chaque village est indépendant",1,{2ce3acff-b193-45d8-b86e-e1dfa62b2c8a},2022-09-15,KouassiElodie,2022-10-18,KouassiElodie,POINT (265035.90550000034 846380.4212999996)
42,GBEKE,BEOUMI,BEOUMI,Une ville,7.672943,-5.581301,ASSENZE,Bassin,BEOUMI,30,Tranche 3,,1,{a3fce175-9f80-49a8-8ed4-15cf6463e3eb},2022-09-15,KouassiElodie,2022-10-17,KouassiElodie,POINT (215227.09030000027 848998.4076000005)
43,GBEKE,BOUAKE,BOUAKE,Un village,7.841534,-5.042381,BAMORO,Bassin,BESSERITAKIKRO,30,Tranche 3,,1,{49f11077-f056-4c74-bdc0-ee0cdef37ea2},2022-09-15,KouassiElodie,2022-10-17,KouassiElodie,POINT (274798.9883000003 867327.0470000003)
44,GBEKE,BOUAKE,DJEBONOUA,Un village,7.497165,-5.093202,KONDOUKRO,Bassin,BLEDI,30,Tranche 2,,1,{6640e007-c685-4434-9a24-f92d9df7c9c5},2022-09-15,KouassiElodie,2022-10-17,KouassiElodie,POINT (269007.0581 829260.0533000007)
45,GBEKE,BOUAKE,MAMINI,Un village,7.724456,-4.773078,MAMINI,Bassin,BOBOKRO,30,Tranche 1,,1,{1f6afc5b-e1b0-4d1d-ad51-3b478b9f672f},2022-09-15,KouassiElodie,2022-10-17,KouassiElodie,POINT (304449.00739999954 854243.0243999995)
46,GBEKE,BOUAKE,DJEBONOUA,Un village,7.420718,-5.094722,ASSOUAKRO,Bassin,BOKASSOU,30,Tranche 2,,1,{0f2be3cd-537c-429f-bc18-193129b2a44b},2022-09-15,KouassiElodie,2022-10-17,KouassiElodie,POINT (268799.09389999975 820804.2360999994)
47,GBEKE,SAKASSOU,AYAOU-SRAN,Un village,7.379291,-5.595929,SRAN-BELAKRO,Bassin,BONDOSSOU,30,Tranche 2,Rétiré par Mob Com,2,{5d0d96e3-c125-4e58-9b01-1040bed264f7},2022-09-15,KouassiElodie,2022-12-02,KouassiElodie,POINT (213419.26669999957 816512.7744999994)
48,GBEKE,SAKASSOU,DIBRI-ASRIKRO,Un village,7.58730148,-5.25931897,SOLABONIBROUKRO,Bassin,BONDOUKOU-KPLI,30,Tranche 2,,1,{20178909-7872-4ce7-9603-126bc9740422},2022-09-15,KouassiElodie,2022-12-15,KouassiElodie,POINT (250718.14410000015 839323.0404000003)
49,GBEKE,BEOUMI,BEOUMI,Un village,7.534348,-5.519115,MANDANOU,Bassin,BONIKRO,30,Tranche 2,,1,{953c745b-cf5c-4a46-932d-02e3cd82592e},2022-09-15,KouassiElodie,2022-10-17,KouassiElodie,POINT (222002.60989999957 833621.5806000009)
50,GBEKE,BOTRO,BOTRO,Une ville,7.8497457,-5.3110431,KOUKROUTIE,Bassin,BOTRO,30,Tranche 3,BOTRO est la la ville (la sous-préfecture),1,{6ef0c95c-c081-4eee-895c-1808d7fb8d28},2022-09-15,KouassiElodie,2022-10-17,KouassiElodie,POINT (245165.57359999977 868389.2711999994)
51,GBEKE,BOTRO,LANGUIBONOU,Un village,7.754793,-5.324779,KLEMEKLO,Bassin,BOUKEBO,30,Tranche 2,,1,{ae8f6b6f-0c05-4da4-972c-2ef9425fa5e9},2022-09-15,KouassiElodie,2022-10-17,KouassiElodie,POINT (243592.23869999964 857892.1962000001)
52,GBEKE,BOUAKE,BOUNDA,Un village,7.62177473,-4.73679795,BOUNDA,Hote,BOUNDA,30,Tranche 2,,1,{6b91d977-63ef-46aa-bd4c-ab6b1dbd251d},2022-09-15,KouassiElodie,2022-10-17,KouassiElodie,POINT (308405.52130000014 842870.0791999996)
53,GBEKE,BEOUMI,ANDO-KEKRENOU,Un village,7.528571,-5.566974,ANDO,Bassin,DEKRETA,30,Tranche 2,,1,{82de0950-f1c9-4665-b0d3-fea64d51becb},2022-09-15,KouassiElodie,2022-10-17,KouassiElodie,POINT (216713.95949999988 833013.0920000002)
54,GBEKE,BOTRO,DIABO,Un village,7.753173,-5.220616,SINZEKRO,Bassin,DJE-ANDOKRO,30,Tranche 1,,1,{bcc35af6-cb76-44a7-ae6a-e50e16021c08},2022-09-15,KouassiElodie,2022-10-17,KouassiElodie,POINT (255085.50540000014 857651.4209000003)
55,GBEKE,BEOUMI,BEOUMI,Un village,7.635213,-5.545172,AKADIAFOUE,Bassin,DIACOHOU,30,Tranche 1,,1,{81c7e025-741f-4ce1-922f-55c0541f4e7e},2022-09-15,KouassiElodie,2022-10-17,KouassiElodie,POINT (219190.7407999998 844799.5273000002)
56,GBEKE,BOTRO,BOTRO,Un village,7.874095,-5.333473,KOUKROUTIE,Bassin,DIEDOU,30,Tranche 3,DIEDOU est situé a plus de 5KM du bassin,2,{a7486b81-3bdd-4af9-9da7-f8545bdf5673},2022-09-15,KouassiElodie,2022-10-17,KouassiElodie,POINT (242705.96690000035 871096.9770999998)
57,GBEKE,BEOUMI,LOLOBO,Un village,7.79936232,-5.39304761,LOLOBO,Bassin,DIERIBANOUAN,30,Tranche 1,,1,{17c93561-5ca5-471b-942e-f6369aa215f6},2022-09-15,KouassiElodie,2022-10-17,KouassiElodie,POINT (236086.36110000033 862865.3982999995)
58,GBEKE,BEOUMI,BEOUMI,Un village,7.584252,-5.60857,DIVIESSOU,Hote,DIVIESSOU,30,Tranche 2,,1,{47fc9d0d-2410-4324-b857-553eccd01939},2022-09-15,KouassiElodie,2022-10-17,KouassiElodie,POINT (212157.3649000004 839201.9911000002)
59,GBEKE,BOUAKE,DJEBONOUA,Une ville,7.519584,-5.070024,TOLLA-TANOUKRO,Bassin,DJEBONOUA,30,Tranche 3,,1,{9d7b6f79-41a7-4726-8453-342a0b84b069},2022-09-15,KouassiElodie,2022-10-17,KouassiElodie,POINT (271577.642 831727.8895999994)
60,GBEKE,BOUAKE,DJEBONOUA,Un village,7.509029,-5.084829,TOLLA-TANOUKRO,Bassin,DJEBONOUA VILLAGE,30,Tranche 3,,1,{85b9b90c-aad7-4a18-bb46-48d9a01aabb3},2022-09-15,KouassiElodie,2022-10-17,KouassiElodie,POINT (269937.6871999996 830568.0515999999)
61,GBEKE,BOUAKE,BOUAKE,Un village,7.750516,-4.909163,ASSENGOU-KPLI,Bassin,DJETOUANKRO,30,Tranche 3,,1,{2093ed2c-1ccc-4d3d-8e28-36f762a25b8b},2022-09-15,KouassiElodie,2022-10-17,KouassiElodie,POINT (289448.0658999998 857190.3827999998)
62,GBEKE,BOUAKE,BOUAKE,Un village,7.782445,-4.912275,ASSENGOU-KPLI,Bassin,DJONGONOU,30,Tranche 3,,1,{c51be71e-0a3a-4fd3-bd99-e2386680dcba},2022-09-15,KouassiElodie,2022-10-17,KouassiElodie,POINT (289120.67030000035 860723.5963000003)
63,GBEKE,SAKASSOU,DIBRI-ASRIKRO,Un village,7.553693,-5.252618,ADJOUGOUANSOU,Bassin,DJONGONOUAN,30,Tranche 2,,1,{fa8969ab-cd45-4545-af17-eb4367652fbe},2022-09-15,KouassiElodie,2022-10-17,KouassiElodie,POINT (251438.5968000004 835601.0059999991)
64,GBEKE,BOUAKE,BOUAKE,Un village,7.610752,-4.948043,MEBO,Bassin,DOUAKANKRO,30,Tranche 3,,1,{c1db1cd0-7ff7-4a65-88aa-16c8cef20e61},2022-09-15,KouassiElodie,2022-10-17,KouassiElodie,POINT (285088.3223000001 841750.2959000003)
65,GBEKE,BOUAKE,DJEBONOUA,Un village,7.462857,-5.104831,KONDOUKRO,Bassin,GBADAHOU,30,Tranche 2,,1,{26ffdd0f-54cc-4e18-9d48-12fb2010e9e2},2022-09-15,KouassiElodie,2022-10-17,KouassiElodie,POINT (267705.0345999999 825470.9923)
66,GBEKE,BOTRO,LANGUIBONOU,Un village,7.738907,-5.287824,KLEMEKLO,Bassin,GBANGAOUPLI,30,Tranche 2,,1,{656a01a4-849b-424d-9c0a-e32c7206e346},2022-09-15,KouassiElodie,2022-10-17,KouassiElodie,POINT (247660.78529999964 856112.4747000001)
67,GBEKE,BOTRO,LANGUIBONOU,Un village,7.735365,-5.261351,KLEMEKLO,Bassin,GBEHEKE,30,Tranche 2,,1,{48e4c9e5-5031-4571-91d4-bf54edf985a5},2022-09-15,KouassiElodie,2022-10-17,KouassiElodie,POINT (250580.06429999974 855704.9844000004)
68,GBEKE,SAKASSOU,SAKASSOU,Un village,7.50817,-5.327669,GOLIBLENOU,Hote,GOLIBLENOU,30,Tranche 1,,1,{937a3d69-751a-4fc1-b8e5-9c3e4c534ae4},2022-09-15,KouassiElodie,2022-10-17,KouassiElodie,POINT (243126.02759999968 830607.9985000007)
69,GBEKE,BEOUMI,BODOKRO,Un village,8.09302515,-5.45716294,MARABADIASSA,Bassin,GOLY-MAHIA,30,Tranche 3,"GOLI-MAYA n'est pas le nom d'un village mais le nom de tribu des villages KPETESSOU, OKOUKRO, KAMONOU et PLIKRO",2,{08535501-85b3-46fc-8f53-795063ebb604},2022-09-15,KouassiElodie,2022-10-17,KouassiElodie,POINT (229204.11139999982 895399.7854999993)
70,GBEKE,BOUAKE,DJEBONOUA,Un village,7.423577,-5.072431,ASSOUAKRO,Bassin,GOMO,30,Tranche 2,,1,{9404c314-c7d7-4b73-8e9d-20c949ec6dd3},2022-09-15,KouassiElodie,2022-10-17,KouassiElodie,POINT (271261.9486999996 821108.9300999995)
71,GBEKE,BOTRO,DIABO,Un village,7.786919,-5.244412,SINZEKRO,Bassin,ASSEKRO,30,Tranche 1,Ajouté par MOB COM,1,{8bf020bd-56a9-4d4b-9e8f-6336df3d745d},2022-09-15,KouassiElodie,2022-10-17,KouassiElodie,POINT (252479.50160000008 861398.6402000003)
72,GBEKE,BEOUMI,BODOKRO,Un village,7.929684,-5.503925,KOUAKOU BAKAKRO,Bassin,DJEZOUKRO,30,Tranche 2,,1,{b5a41dc6-25d3-4005-b23f-d0d9f0811227},2022-09-15,KouassiElodie,2022-10-17,KouassiElodie,POINT (223937.3169999998 877356.9100000001)
73,GBEKE,BEOUMI,BEOUMI,Un village,7.608606,-5.436565,KOUMAMBO,Bassin,ZEDE KAABO,30,Tranche 2,ZEDE KAABO et non KAABO,1,{27e60b18-d2cc-414c-b0eb-0d5ce31d82f0},2022-09-15,KouassiElodie,2022-10-17,KouassiElodie,POINT (231163.92980000004 841786.2497000005)
74,GBEKE,BOUAKE,BOUAKE,Un village,7.732178,-4.95333,KAHANKRO,Hote,KAHANKRO,30,Tranche 2,,1,{c5e25229-4e68-412c-997f-1d937e0a945c},2022-09-15,KouassiElodie,2022-10-17,KouassiElodie,POINT (284565.98149999976 855184.1283999998)
75,GBEKE,BOUAKE,BOUAKE,Un village,7.573236,-4.923916,MEBO,Bassin,KALOUKRO,30,Tranche 3,,1,{fa4a7108-7188-41f1-9780-4b039cbb57ee},2022-09-15,KouassiElodie,2022-10-17,KouassiElodie,POINT (287732.6190999998 837588.7303999998)
76,GBEKE,SAKASSOU,SAKASSOU,Un village,7.462277,-5.217911,KANANGO-KPLI,Hote,KANANGO-KPLI,30,Tranche 1,,1,{49245555-a207-410e-beaf-48ad67d52563},2022-09-15,KouassiElodie,2022-10-17,KouassiElodie,POINT (255218.97869999986 825468.0319999997)
77,GBEKE,SAKASSOU,SAKASSOU,Un village,7.460353,-5.200216,KANANGO-KPLI,Bassin,POKOUKRO,30,Tranche 1,,1,{a0ed06e4-aa7f-44e6-a434-e19cee2b1e6b},2022-09-15,KouassiElodie,2022-10-17,KouassiElodie,POINT (257171.77359999996 825245.3949999996)
78,GBEKE,BOUAKE,DJEBONOUA,Un village,7.408882,-5.125139,LENGBRE,Bassin,KATIENOU,30,Tranche 3,,1,{04734e01-3a0a-46ea-b769-4beaf2798c67},2022-09-15,KouassiElodie,2022-10-17,KouassiElodie,POINT (265434.1178000001 819510.8891000003)
79,GBEKE,BOTRO,LANGUIBONOU,Un village,7.715534,-5.319027,AHOUGNANFOUTOU,Bassin,KATOKOSSOU,30,Tranche 1,,1,{e7ba14f1-6c2b-4346-8a6d-b1d26ce9886b},2022-09-15,KouassiElodie,2022-10-17,KouassiElodie,POINT (244203.30759999994 853545.1832999997)
80,GBEKE,BOUAKE,BOUAKE,Un village,7.665922,-4.904577,KOBLEKRO,Bassin,KEKREKOUAKOUKRO,30,Tranche 2,Rétiré par Mob COm,2,{5c3aeef3-4dbb-4f9f-a4f8-df89cf3bb36b},2022-09-15,KouassiElodie,2022-10-17,KouassiElodie,POINT (289912.2796 847831.2262999993)
81,GBEKE,BEOUMI,ANDO-KEKRENOU,Un village,7.503874,-5.571347,ANDO,Bassin,KEKRENOU,30,Tranche 2,,1,{86b0c425-2839-4a94-ae59-2f19197f8445},2022-09-15,KouassiElodie,2022-10-17,KouassiElodie,POINT (216214.99490000028 830283.0260000005)
82,GBEKE,BOTRO,LANGUIBONOU,Un village,7.76067,-5.292543,KLEMEKLO,Hote,KLEMEKLO,30,Tranche 2,,1,{d1dd609b-1792-4c04-afbc-5f411fe12ce1},2022-09-15,KouassiElodie,2022-10-17,KouassiElodie,POINT (247153.02469999995 858523.0535000004)
83,GBEKE,BOUAKE,BOUAKE,Un village,7.7041,-4.92313,KOBLEKRO,Hote,KOBLEKRO,30,Tranche 2,,1,{086f29aa-01bc-4d75-bca2-f67de292bfca},2022-09-15,KouassiElodie,2022-10-17,KouassiElodie,POINT (287883.9771999996 852063.2349999994)
84,GBEKE,BOUAKE,BROBO,Un village,7.635466,-4.85827,SAKASSOU OTTOKOUKRO,Bassin,KOFFI KOFFIKRO,30,Tranche 3,,1,{13b0951c-6512-4c2f-88b9-a42d0d4f6661},2022-09-15,KouassiElodie,2022-10-17,KouassiElodie,POINT (295007.4654000001 844440.2130999994)
85,GBEKE,BEOUMI,BODOKRO,Un village,7.90532,-5.433605,KOUAKOU BAKAKRO,Bassin,KOKOTIKRO,30,Tranche 2,,1,{8cbe3da6-146d-4e69-a9e7-01960e8269c7},2022-09-15,KouassiElodie,2022-10-17,KouassiElodie,POINT (231679.03670000006 874614.9456999991)
86,GBEKE,SAKASSOU,DIBRI-ASRIKRO,Un village,7.575455,-5.256971,ADJOUGOUANSOU,Bassin,KOMOKONOUAN,30,Tranche 2,,1,{a31bebe2-571f-43cf-a134-068903274cb5},2022-09-15,KouassiElodie,2022-10-17,KouassiElodie,POINT (250970.52240000013 838011.0820000004)
87,GBEKE,BEOUMI,BODOKRO,Un village,7.939827,-5.410284,PLIBO,Bassin,KONANBLEKRO,30,Tranche 2,,1,{3393529c-c77e-4aae-bbc9-0a81d3db6476},2022-09-15,KouassiElodie,2022-10-17,KouassiElodie,POINT (234273.95930000022 878418.0384)
88,GBEKE,BOUAKE,DJEBONOUA,Un village,7.462032,-5.08394357,KONDOUKRO,Hote,KONDOUKRO,30,Tranche 2,,1,{0d62aeb1-9c48-4df3-8b79-3334670bdb26},2022-09-15,KouassiElodie,2022-10-17,KouassiElodie,POINT (270010.79169999994 825368.7766999993)
89,GBEKE,BOUAKE,BOUAKE,Un village,7.576291,-4.899889,MEBO,Bassin,AGOUA-KONGOKRO,30,Tranche 3,L'orthographe normale de KONGOKRO est AGOUA-KONGOKRO,1,{c0fc4555-f691-4681-998e-17471c36e6a9},2022-09-15,KouassiElodie,2022-10-17,KouassiElodie,POINT (290385.9676999999 837914.9723000005)
90,GBEKE,BEOUMI,BEOUMI,Un village,7.669429,-5.600446,ASSENZE,Bassin,KONGONOUSSOU,30,Tranche 3,Ce village KONGONOUSSOU est à plus de 5km du village hôte,2,{b047d291-f6d6-4c33-acdf-cf0fcc1f4abc},2022-09-15,KouassiElodie,2022-10-17,KouassiElodie,POINT (213111.2246000003 848622.3161999993)
91,GBEKE,BEOUMI,BODOKRO,Un village,8.015637,-5.474853,N'GUESSANKRO,Bassin,KONGOSSOU-KOUADIOKRO,30,Tranche 3,,1,{cd859862-f9ea-4f9a-a00b-39e5327ba891},2022-09-15,KouassiElodie,2022-10-17,KouassiElodie,POINT (227201.5214999998 886848.4855000004)
92,GBEKE,BEOUMI,BODOKRO,Un village,7.984378,-5.40887,PLIBO,Bassin,KONGOTI,30,Tranche 2,,1,{7674158e-6720-4720-8320-6d44ad948bc2},2022-09-15,KouassiElodie,2022-10-17,KouassiElodie,POINT (234458.66170000006 883346.5217000004)
93,GBEKE,BEOUMI,BEOUMI,Un village,7.646343,-5.61244,ASSENZE,Bassin,KONSOU,30,Tranche 3,Ce village KONSOU est à plus de 5km du village hôte,2,{8bcdb216-a92f-445c-8e0d-289943bacf16},2022-09-15,KouassiElodie,2022-10-17,KouassiElodie,POINT (211771.5893000001 846075.6307999995)
94,GBEKE,BOUAKE,DJEBONOUA,Un village,7.461721,-5.063121,KONDOUKRO,Bassin,KONZO,30,Tranche 2,,1,{179b471c-7a9f-493b-b383-3b8394eb4b18},2022-09-15,KouassiElodie,2022-10-17,KouassiElodie,POINT (272309.63329999987 825323.5643000007)
95,GBEKE,BOUAKE,DJEBONOUA,Un village,7.440651,-5.120246,ASSOUAKRO,Bassin,KOUADIO PRIKRO,30,Tranche 2,,1,{0a0be63d-0ec3-40af-aff1-94c407fe5b6a},2022-09-15,KouassiElodie,2022-10-17,KouassiElodie,POINT (265991.2449000003 823022.6657999996)
96,GBEKE,BEOUMI,ANDO-KEKRENOU,Un village,7.48235839,-5.57577142,ANDO,Bassin,KOUADIO-SAKASSOU,30,Tranche 2,,1,{a1654504-7149-459e-b5f7-cf7e88864389},2022-09-15,KouassiElodie,2022-10-17,KouassiElodie,POINT (215712.4093000004 827905.0276999995)
97,GBEKE,BEOUMI,BODOKRO,Un village,7.922236,-5.464795,KOUAKOU BAKAKRO,Hote,KOUAKOU BAKAKRO,30,Tranche 2,,1,{5ca067d4-7d3d-481c-abde-1d23cfa66428},2022-09-15,KouassiElodie,2022-10-17,KouassiElodie,POINT (228249.18429999985 876506.9477999993)
98,GBEKE,BOTRO,LANGUIBONOU,Un village,7.688618,-5.311961,AHOUGNANFOUTOU,Bassin,KOUAKOUBLEKRO,30,Tranche 1,,1,{bfca6f4b-3816-4a63-ac71-d13db1a5a8ab},2022-09-15,KouassiElodie,2022-10-17,KouassiElodie,POINT (244967.00980000012 850563.0339000002)
99,GBEKE,BOTRO,KROFOINSOU,Un village,7.991694,-5.292881,BALEKRO,Bassin,KOUAKOU-KLEMEKRO,30,Tranche 2,Depends de Balekro selon Mob COm au 26 08 2022,1,{dc32cc0e-3be7-406c-9303-c8e847bbe0dd},2022-09-15,KouassiElodie,2022-12-15,KouassiElodie,POINT (247255.96829999983 884082.9922000002)
100,GBEKE,BOUAKE,BROBO,Un village,7.59802076,-4.85282821,SAKASSOU OTTOKOUKRO,Bassin,KOUASSI ATTINKRO,30,Tranche 3,,1,{60a61b13-dc97-4b2c-ab93-4552038f6b3b},2022-09-15,KouassiElodie,2022-10-17,KouassiElodie,POINT (295590.2139999997 840295.9705999997)
101,GBEKE,BOUAKE,DJEBONOUA,Un village,7.447785,-5.090133,KONDOUKRO,Bassin,KOUASSIBLE-DJEKRO,30,Tranche 2,,1,{157cc087-1c2d-4a18-b8b2-ca4ff9df7f6f},2022-09-15,KouassiElodie,2022-10-17,KouassiElodie,POINT (269319.9539000001 823796.0030000005)
102,GBEKE,BOUAKE,BOUAKE,Un village,7.67033,-4.945425,KOBLEKRO,Bassin,KOUASSIBLEKRO,30,Tranche 2,,1,{aba8be3e-8b95-46aa-b925-3dc6bbc6195d},2022-09-15,KouassiElodie,2022-10-17,KouassiElodie,POINT (285407.0148 848339.0120999999)
103,GBEKE,BOTRO,DIABO,Un village,7.76048,-5.193894,SINZEKRO,Bassin,KOUASSI-GOLIKRO,30,Tranche 1,Retiré du bassin par MOB COM,2,{82a8b750-7a5e-4e2e-84ef-22021b623ede},2022-09-15,KouassiElodie,2022-10-17,KouassiElodie,POINT (258038.29420000035 858444.4546000008)
104,GBEKE,SAKASSOU,SAKASSOU,Un village,7.593798,-5.376481,KOUMAMBO,Bassin,KOUEKRO-DJEHOU,30,Tranche 2,Les appelations de KOUEKRO et de DJEHOU renvoient aux villages SOUAFOUE-KOUEKRO et SOUAFOUE-DJEHOU,2,{568b53ba-cfb9-4be8-b6c8-23c20caa4acc},2022-09-15,KouassiElodie,2022-10-17,KouassiElodie,POINT (237787.9879999999 840110.9539999999)
105,GBEKE,BOTRO,BOTRO,Un village,7.816103,-5.319327,KOUKROUTIE,Hote,KOUKROUTIE,30,Tranche 3,,1,{30bb01cf-e533-4796-93ec-95b8b7f15d97},2022-09-15,KouassiElodie,2022-10-17,KouassiElodie,POINT (244231.09439999983 864672.1392000001)
106,GBEKE,BEOUMI,BEOUMI,Un village,7.605374,-5.407185,KOUMAMBO,Hote,KOUMANBO,30,Tranche 2,La bonne orthographe est KOUMANBO et non KOUMAMBO,1,{851b8c41-3779-4f17-8455-93c8db8e5c34},2022-09-15,KouassiElodie,2022-10-17,KouassiElodie,POINT (234405.4190999996 841410.4833000004)
107,GBEKE,SAKASSOU,SAKASSOU,Un village,7.418994,-5.211654,KANANGO-KPLI,Bassin,KPANIGOKRO,30,Tranche 1,,1,{9dc7e239-c9d0-44e8-bc11-fc7943bfbb60},2022-09-15,KouassiElodie,2022-10-17,KouassiElodie,POINT (255885.92250000034 820676.2135000005)
108,GBEKE,BOUAKE,MAMINI,Un village,7.739829,-4.780992,MAMINI,Bassin,KPEKEKRO,30,Tranche 1,,1,{d50af581-2a54-4980-929e-53a5233d49df},2022-09-15,KouassiElodie,2022-10-17,KouassiElodie,POINT (303583.0212000003 855946.9495999999)
109,GBEKE,BOUAKE,BOUAKE,Un village,7.737581,-4.956379,KAHANKRO,Bassin,KPO-KAHANKRO,30,Tranche 2,A rétiré selon Mob COm,2,{1404550b-9ab8-4886-9f3a-5eed29b56aed},2022-09-15,KouassiElodie,2022-10-17,KouassiElodie,POINT (284232.3262 855783.3137999997)
110,GBEKE,BOTRO,KROFOINSOU,Un village,7.944436,-5.241119,KROFOINSOU,Hote,KROFOINSOU,30,Tranche 1,,1,{7ee05f35-e0c8-4774-a070-b8f0781daa12},2022-09-15,KouassiElodie,2022-10-17,KouassiElodie,POINT (252936.17480000015 878823.2647999991)
111,GBEKE,BEOUMI,LOLOBO,Un village,7.736173,-5.388471,LOLOBO,Bassin,KUINDJANDA,30,Tranche 1,Le village de Sahuie et de Nangre forme le village de KUINDJANDA,1,{afbb0983-5669-4fdf-9d07-5fb54406df76},2022-09-15,KouassiElodie,2022-10-17,KouassiElodie,POINT (236551.95370000042 855871.0462999996)
112,GBEKE,BOUAKE,BOUNDA,Un village,7.599025,-4.684034,YEGUEBO-BOUAKRO,Bassin,LANGBA,30,Tranche 2,,1,{de9a2a88-f7ff-47d3-87aa-47787d2d5693},2022-09-15,KouassiElodie,2022-12-15,KouassiElodie,POINT (314218.02190000005 840330.9915999994)
113,GBEKE,BOUAKE,DJEBONOUA,Un village,7.39746,-5.143278,LENGBRE,Hote,LENGBRE,30,Tranche 3,,1,{dd7d97f0-cffc-47b7-8e1a-9e60be9afa7a},2022-09-15,KouassiElodie,2022-10-17,KouassiElodie,POINT (263424.99590000045 818256.9695999995)
114,GBEKE,BEOUMI,ANDO-KEKRENOU,Un village,7.498383,-5.658549,LINGUEBO,Hote,LINGUEBO,30,Tranche 2,,1,{52aee5be-08c3-4cbd-8141-270b44dc7c1b},2022-09-15,KouassiElodie,2022-12-15,KouassiElodie,POINT (206580.7100999998 829732.8067000005)
115,GBEKE,BOTRO,LANGUIBONOU,Un village,7.655905,-5.288679,ANDOKRO-KOUAKOU,Bassin,LOKANOUAN,30,Tranche 2,,1,{db884f2d-4a49-47d6-846c-de97b470c81a},2022-09-15,KouassiElodie,2022-12-15,KouassiElodie,POINT (247517.2748999996 846930.0045999996)
116,GBEKE,BOUAKE,DJEBONOUA,Un village,7.553801,-5.054331,ASSENGOU,Bassin,LOKASSOU,30,Tranche 2,,1,{69385f3b-8b3c-41df-92e4-6e2eaddd413c},2022-09-15,KouassiElodie,2022-10-17,KouassiElodie,POINT (273327.86060000025 835504.7510000002)
117,GBEKE,BEOUMI,LOLOBO,Un village,7.76689864,-5.39622758,LOLOBO,Hote,LOLOBO,30,Tranche 1,,1,{786c5a9d-b856-42b4-ac6f-77ef7e381ae5},2022-09-15,KouassiElodie,2022-10-17,KouassiElodie,POINT (235715.1085000001 859275.4711000007)
118,GBEKE,BOUAKE,BOUAKE,Un village,7.58692413,-5.06000363,ASSENGOU,Bassin,LOMIBO,30,Tranche 2,,1,{e558a2c7-e306-473e-b022-ce069baa595a},2022-09-15,KouassiElodie,2022-10-17,KouassiElodie,POINT (272719.05150000006 839171.7484000009)
119,GBEKE,BOUAKE,BOUAKE,Un village,7.601637,-5.035454,RAFFIERKRO,Bassin,MAMIAN,30,Tranche 2,,1,{7390158c-2820-4842-8123-4aae2c6d8ee0},2022-09-15,KouassiElodie,2022-10-17,KouassiElodie,POINT (275436.3794999998 840786.4535000008)
120,GBEKE,BOUAKE,MAMINI,Un village,7.730863,-4.801194,MAMINI,Hote,MAMINI,30,Tranche 1,,1,{92964b60-bdb0-460a-bcc3-caa48257dde6},2022-09-15,KouassiElodie,2022-10-17,KouassiElodie,POINT (301350.1347000003 854964.6674000006)
121,GBEKE,BEOUMI,ANDO-KEKRENOU,Un village,7.539976,-5.539884,MANDANOU,Hote,MANDANOU,30,Tranche 2,,1,{d590a45f-2e49-4de9-9177-ff0425aee2f4},2022-09-15,KouassiElodie,2022-10-17,KouassiElodie,POINT (219712.81230000034 834257.6306999996)
122,GBEKE,BEOUMI,BODOKRO,Un village,8.096559,-5.437869,MARABADIASSA,Hote,MARABADIASSA,30,Tranche 3,Le nom est MARABADIASSA et non MARABADJASSA,1,{8413c7a2-bdb0-4cb7-a2a7-60eb83f28555},2022-09-15,KouassiElodie,2022-10-17,KouassiElodie,POINT (231334.02359999996 895777.9995000008)
123,GBEKE,BOUAKE,BOUAKE,Un village,7.612529,-4.90405,MEBO,Hote,MEBO,30,Tranche 3,,1,{1aaa2e5c-3980-4d0f-8d43-7403faad38bd},2022-09-15,KouassiElodie,2022-10-17,KouassiElodie,POINT (289944.33249999955 841925.2236000001)
124,GBEKE,BOTRO,DIABO,Un village,7.739462,-5.228413,SINZEKRO,Bassin,MESSOUKRO,30,Tranche 1,,1,{ac54ca05-ffc9-49c7-8086-c391803a75eb},2022-09-15,KouassiElodie,2022-10-17,KouassiElodie,POINT (254217.1886 856139.0626999997)
125,GBEKE,BOUAKE,BOUAKE,Un village,7.835802,-5.07933,BAMORO,Bassin,KOUAKRO-MIZRON,30,Tranche 3,L'ordre est KOUAKRO-MIZRON et non MIZRON_KOUAKRO,1,{9e012738-d705-455e-a8f9-8d0e1cd2fe94},2022-09-15,KouassiElodie,2022-10-17,KouassiElodie,POINT (270719.9866000004 866712.9761999995)
126,GBEKE,SAKASSOU,DIBRI-ASRIKRO,Un village,7.527735,-5.216748,AKETE,Bassin,MORIKRO,30,Tranche 2,,1,{47220a09-5db7-4c76-8cf5-5f4e0ae332b3},2022-09-15,KouassiElodie,2022-10-17,KouassiElodie,POINT (255383.96059999987 832708.9682999998)
127,GBEKE,BEOUMI,BEOUMI,Un village,7.577602,-5.425165,KOUMAMBO,Bassin,MONEBO,30,Tranche 2,,1,{6d0c5980-2b8e-4c7a-a2e8-cf3222533f26},2022-09-15,KouassiElodie,2022-10-17,KouassiElodie,POINT (232403.2714999998 838348.7159000002)
128,GBEKE,BEOUMI,BODOKRO,Un village,8.009346,-5.418708,N'GUESSANKRO,Bassin,MYAN,30,Tranche 3,,1,{49aa31f9-dc84-43d4-80a6-ef78c53cebd3},2022-09-15,KouassiElodie,2022-10-17,KouassiElodie,POINT (233389.78330000024 886115.5078999996)
129,GBEKE,BEOUMI,BODOKRO,Un village,7.8674,-5.539951,N'DAKRO,Hote,N'DAKRO,30,Tranche 2,,1,{9ea92ca3-d3f6-418a-8f9d-bfde54772ef3},2022-09-15,KouassiElodie,2022-10-17,KouassiElodie,POINT (219920.8618999999 870488.9419999998)
130,GBEKE,BOUAKE,DJEBONOUA,Un village,7.480377,-5.117867,KONDOUKRO,Bassin,N'DOUAKRO,30,Tranche 2,,1,{fdc5b658-91c1-49b3-8ad4-6a7d3776f831},2022-09-15,KouassiElodie,2022-10-17,KouassiElodie,POINT (266275.02990000043 827415.9874000009)
131,GBEKE,BOTRO,DIABO,Un village,7.78206,-5.19515,SINZEKRO,Bassin,N'GATTAKRO,30,Tranche 1,,1,{041c8aa6-83cc-4af0-a2ab-774464913b9d},2022-09-15,KouassiElodie,2022-10-17,KouassiElodie,POINT (257912.08000000007 860832.5473999996)
132,GBEKE,BOUAKE,BOUAKE,Un village,7.825804,-5.065172,BAMORO,Bassin,N'GATTA-SAKASSOU,30,Tranche 3,,1,{c0c314be-80b1-4cf5-9e61-6125aaca25fc},2022-09-15,KouassiElodie,2022-10-17,KouassiElodie,POINT (272276.3607999999 865599.2898999993)
133,GBEKE,SAKASSOU,SAKASSOU,Un village,7.535635,-5.352677,GOLIBLENOU,Bassin,N'GBEDJO-KONGODJA,30,Tranche 1,,1,{6178b4e5-3c65-4b88-90f6-4fa9917498cd},2022-09-15,KouassiElodie,2022-10-17,KouassiElodie,POINT (240381.0683000004 833661.4642999992)
134,GBEKE,BOUAKE,DJEBONOUA,Un village,7.53621,-5.001293,TIEPLE,Bassin,MAHOUNOU,30,Tranche 1,"Selon le rapport d'acceptabilité et l'équipe ESP, ce village ne fait pas partie du Bassin/ Village appartient au bassin",1,{d14c5aef-625d-4f09-a6da-712fb166a53d},2022-09-15,KouassiElodie,2022-12-02,KouassiElodie,POINT (279173.4194 833531.6768999994)
135,GBEKE,BOTRO,KROFOINSOU,Un village,7.959155,-5.31561,BALEKRO,Bassin,N'GUESSAN-KANKRO,30,Tranche 2,N'GUESSAN-KANKRO et non N'GUESSANKANKRO,1,{b05cde0b-e5d3-49ab-add6-7ca2546c89c4},2022-09-15,KouassiElodie,2022-12-15,KouassiElodie,POINT (244729.0399000002 880496.9376999997)
136,GBEKE,BEOUMI,BODOKRO,Un village,8.0287,-5.445824,N'GUESSANKRO,Hote,N'GUESSANKRO,30,Tranche 3,,1,{73d06e01-f81e-41af-9a50-1456a7b263c7},2022-09-15,KouassiElodie,2022-10-17,KouassiElodie,POINT (230411.84360000025 888274.7126000002)
137,GBEKE,BOUAKE,DJEBONOUA,Un village,7.399801,-5.094317,ASSOUAKRO,Bassin,NIANGBAN,30,Tranche 2,,1,{b14e195b-d86d-4b03-8c34-edeb5dea9a4d},2022-09-15,KouassiElodie,2022-10-17,KouassiElodie,POINT (268832.9012000002 818490.1774000004)
138,GBEKE,SAKASSOU,SAKASSOU,Un village,7.367428,-5.323034,ANDOBO-ALLUIBO,Bassin,NINKOUMANOU,30,Tranche 2,,1,{3aead2d2-f7fb-4cfb-b1c5-2647476adc59},2022-09-15,KouassiElodie,2022-10-17,KouassiElodie,POINT (243556.03270000033 815033.9940000009)
139,GBEKE,BEOUMI,ANDO-KEKRENOU,Un village,7.585914,-5.573906,DIVIESSOU,Bassin,N'ZOUPRI,30,Tranche 2,,1,{02ad8328-4e37-4ebe-b972-7ecc9726d17d},2022-09-15,KouassiElodie,2022-10-17,KouassiElodie,POINT (215985.97360000014 839363.0418999996)
140,GBEKE,BEOUMI,BEOUMI,Un village,7.686376,-5.584752,ASSENZE,Bassin,N'ZUEDA,30,Tranche 3,Ce village N'ZUEDA est à plus de 5km du village hôte,2,{24a0c89e-aac6-4800-bafb-7f80541afb1b},2022-09-15,KouassiElodie,2022-10-17,KouassiElodie,POINT (214855.08779999986 850487.1868999992)
141,GBEKE,BOTRO,LANGUIBONOU,Un village,7.650782,-5.220758,ANGOKOUN-KPANGBASSOU,Bassin,OUESSIN-N'ZUE,30,Tranche 2,OUESSIN-N'ZUE ET NON OUOSSE-N'ZUE,1,{74f4cc0c-47b6-40d5-b4be-44bb26a4c89f},2022-09-15,KouassiElodie,2022-10-17,KouassiElodie,POINT (255010.96449999977 846323.9221999999)
142,GBEKE,BOUAKE,DJEBONOUA,Un village,7.554945,-5.061911,ASSENGOU,Bassin,PETESSOU,30,Tranche 2,,1,{238e20f0-2b8c-41b1-b32f-27efed3444ad},2022-09-15,KouassiElodie,2022-10-17,KouassiElodie,POINT (272491.7419999996 835635.2517000008)
143,GBEKE,BOUAKE,BOUNDA,Un village,7.62943327,-4.78056614,BOUNDA,Bassin,PINDIKRO,30,Tranche 2,,1,{66ced028-d801-4371-b59a-f97829223624},2022-09-15,KouassiElodie,2022-10-17,KouassiElodie,POINT (303579.2455000002 843736.7931999993)
144,GBEKE,BOUAKE,DJEBONOUA,Un village,7.451936,-5.082083,KONDOUKRO,Bassin,PLANGO,30,Tranche 2,,1,{26884e9b-e47e-439a-b407-b5b8c5985079},2022-09-15,KouassiElodie,2022-10-17,KouassiElodie,POINT (270210.94770000037 824250.9889000002)
145,GBEKE,BEOUMI,BODOKRO,Un village,7.843764,-5.563169,N'DAKRO,Bassin,PLI-AKAKRO,30,Tranche 2,,1,{69faae98-28c0-4a12-b618-5cff77be58bd},2022-09-15,KouassiElodie,2022-10-17,KouassiElodie,POINT (217342.97300000023 867889.0548999999)
146,GBEKE,BEOUMI,BODOKRO,Un village,7.972668,-5.407502,PLIBO,Hote,PLIBO,30,Tranche 2,,1,{c60e893d-b60c-48ef-9c86-3ddfc70a88fe},2022-09-15,KouassiElodie,2022-10-17,KouassiElodie,POINT (234601.9877000004 882049.9759999998)
147,GBEKE,BOTRO,KROFOINSOU,Un village,7.935504,-5.218962,KROFOINSOU,Bassin,PLIKE SOMOLO,30,Tranche 1,,1,{a53efa12-f437-4fcd-bdb3-3021ffdcdd21},2022-09-15,KouassiElodie,2022-10-17,KouassiElodie,POINT (255374.69070000015 877821.9506000001)
148,GBEKE,BOTRO,DIABO,Un village,7.937241,-5.201736,KROFOINSOU,Bassin,PLIKETOTOKRO,30,Tranche 1,,1,{f85d349e-a078-4ea4-8229-a5c3fba40364},2022-09-15,KouassiElodie,2022-10-17,KouassiElodie,POINT (257275.6679999996 878003.9912)
149,GBEKE,BOUAKE,BOUNDA,Un village,7.57229694,-4.70572502,YEGUEBO-BOUAKRO,Bassin,PRONOU,30,Tranche 2,,1,{09cfc189-0ae6-4b9f-89a9-9dfe05407b26},2022-09-15,KouassiElodie,2022-12-15,KouassiElodie,POINT (311812.77359999996 837384.3144000005)
150,GBEKE,BOUAKE,BOUAKE,Un village,7.580016,-5.018468,RAFFIERKRO,Hote,RAFFIERKRO,30,Tranche 2,,1,{479cc0e4-fe7f-4e32-928d-4641a68a0762},2022-09-15,KouassiElodie,2022-10-17,KouassiElodie,POINT (277300 838386.0454999991)
151,GBEKE,SAKASSOU,SAKASSOU,Un village,7.631662,-5.297429,ANDOKRO-KOUAKOU,Bassin,SAHEBO,30,Tranche 2,,1,{1b9913b9-1b91-406f-ae8a-c2b5ecb616e6},2022-09-15,KouassiElodie,2022-12-15,KouassiElodie,POINT (246537.1765999999 844253.0070999991)
152,GBEKE,BOUAKE,BROBO,Un village,7.617862,-4.874853,SAKASSOU OTTOKOUKRO,Hote,SAKASSOU OTTOKOUKRO,30,Tranche 3,,1,{cae3a751-bb9f-4391-acfe-4be2ede8847f},2022-09-15,KouassiElodie,2022-10-17,KouassiElodie,POINT (293169.04360000044 842501.0096000005)
153,GBEKE,BOUAKE,MAMINI,Un village,7.6993,-4.765,SAMINIKRO,Hote,SAMINIKRO,30,Tranche 2,,1,{e8b62751-9914-4437-a4cc-87f6939da057},2022-09-15,KouassiElodie,2022-10-17,KouassiElodie,POINT (305328.6911000004 851457.0471000001)
154,GBEKE,BEOUMI,BEOUMI,Un village,7.58172,-5.404866,KOUMAMBO,Bassin,SAHOUNTY,30,Tranche 2,La bonne orthographe est SAHOUNTY,1,{31d74522-9e5b-43a3-b042-6bc51586817a},2022-09-15,KouassiElodie,2022-10-17,KouassiElodie,POINT (234646.90519999992 838791.8838)
155,GBEKE,BOTRO,LANGUIBONOU,Un village,7.775296,-5.268437,KLEMEKLO,Bassin,SAOUNDI,30,Tranche 2,,1,{8c7ab292-52d5-4445-afbd-be86b67f7de5},2022-09-15,KouassiElodie,2022-10-17,KouassiElodie,POINT (249821.71980000008 860126.8879000004)
156,GBEKE,BOUAKE,MAMINI,Un village,7.702467,-4.728809,SARAKAKRO,Hote,SARAKAKRO,30,Tranche 3,,1,{661449df-3f70-4e34-86a4-888af5561a62},2022-09-15,KouassiElodie,2022-10-17,KouassiElodie,POINT (309322.9955000002 851790.9984000009)
157,GBEKE,BOUAKE,DJEBONOUA,Un village,7.541807,-5.060412,ASSENGOU,Bassin,SESSEKRO,30,Tranche 2,Rétiré par Mob Com,2,{80e56f89-4cdd-4930-ba36-bc0e3214bb70},2022-09-15,KouassiElodie,2022-10-17,KouassiElodie,POINT (272650.34049999993 834181.1601)
158,GBEKE,BOUAKE,BROBO,Un village,7.650674,-4.876277,SAKASSOU OTTOKOUKRO,Bassin,SINANVESSOU,30,Tranche 3,,1,{b3bb8b0e-e476-4a66-bb60-f9c21602e395},2022-09-15,KouassiElodie,2022-10-17,KouassiElodie,POINT (293027.69010000024 846130.9362000003)
159,GBEKE,BOTRO,DIABO,Un village,7.774644,-5.208123,SINZEKRO,Hote,SINZEKRO,30,Tranche 1,,1,{55f319c5-d260-4cb5-8469-a7964479e730},2022-09-15,KouassiElodie,2022-10-17,KouassiElodie,POINT (256476.41079999972 860019.5662999991)
160,GBEKE,BEOUMI,ANDO-KEKRENOU,Un village,7.515466,-5.577641,ANDO,Bassin,SOKPA,30,Tranche 2,,1,{75608dd4-c896-42e6-991e-7a2b732e6d33},2022-09-15,KouassiElodie,2022-10-17,KouassiElodie,POINT (215527.45370000042 831569.8537000008)
161,GBEKE,SAKASSOU,DIBRI-ASRIKRO,Un village,7.584794,-5.223741,SOLABONIBROUKRO,Hote,SOLABONIBROUKRO,30,Tranche 2,,1,{3a2316c0-5a5c-4697-936c-190f3ceec37d},2022-09-15,KouassiElodie,2022-12-15,KouassiElodie,POINT (254644.14690000005 839025.3390999995)
162,GBEKE,BEOUMI,BEOUMI,Un village,7.668288,-5.541041,BELAKRO,Bassin,SOUAFOUE-DAN,30,Tranche 1,,1,{0611816a-fd07-406b-9a55-7cbda5dc26f9},2022-09-15,KouassiElodie,2022-10-17,KouassiElodie,POINT (219668.4325000001 848456.7625999991)
163,GBEKE,SAKASSOU,AYAOU-SRAN,Un village,7.35066686,-5.59064089,SRAN-BELAKRO,Hote,SRAN-BELAKRO,30,Tranche 2,,1,{2632790a-a7a6-4a90-8b0a-342028272346},2022-09-15,KouassiElodie,2022-10-17,KouassiElodie,POINT (213985.06969999988 813341.8749000002)
164,GBEKE,BOUAKE,BOUAKE,Un village,7.678622,-4.9317,KOBLEKRO,Bassin,TANOU-SAKASSOU,30,Tranche 2,,1,{f7d2bcd0-2692-4f8b-8ca9-e1636211315d},2022-09-15,KouassiElodie,2022-10-17,KouassiElodie,POINT (286925.6615000004 849249.3552999999)
165,GBEKE,SAKASSOU,SAKASSOU,Un village,7.391234,-5.310141,ANDOBO-ALLUIBO,Bassin,TAYAMOUKRO,30,Tranche 2,,1,{8c6f5430-68b1-45bf-9fd4-ff333313301b},2022-09-15,KouassiElodie,2022-10-17,KouassiElodie,POINT (244993.71470000036 817660.4047999997)
166,GBEKE,BOUAKE,BOUAKE,Un village,7.841328,-5.061961,BAMORO,Bassin,TCHIMOU-ASSEKRO,30,Tranche 3,,1,{d0468810-3604-4974-8e0a-b9abca68e1db},2022-09-15,KouassiElodie,2022-10-17,KouassiElodie,POINT (272639.0086000003 867314.8183999993)
167,GBEKE,BEOUMI,BEOUMI,Un village,7.604343,-5.552879,AKADIAFOUE,Bassin,TIENDIEBO,30,Tranche 1,,1,{a39ef6d4-13c8-443d-bfec-ef802a13f60d},2022-09-15,KouassiElodie,2022-10-17,KouassiElodie,POINT (218319.68479999993 841388.6020999998)
168,GBEKE,BOUAKE,BOUAKE,Un village,7.545605,-5.003464,TIEPLE,Hote,TIEPLE,30,Tranche 1,,1,{8e63d28f-7513-423c-9ce6-e0a1f8fe334a},2022-09-15,KouassiElodie,2022-10-17,KouassiElodie,POINT (278938.5429999996 834572.0026999991)
169,GBEKE,BEOUMI,ANDO-KEKRENOU,Un village,7.51750111,-5.65629934,LINGUEBO,Bassin,TIESSOU-AMOINKRO,30,Tranche 2,S'appelait TIESSOU et a été renommé TIESSOU-AMOINKRO par Mob Com,1,{452c3afb-23be-4248-8988-471bbf672c04},2022-09-15,KouassiElodie,2022-12-15,KouassiElodie,POINT (206842 831846.9999000002)
170,GBEKE,BOUAKE,DJEBONOUA,Un village,7.528046,-5.095053,TOLLA-TANOUKRO,Hote,TOLLA-TANOUKRO,30,Tranche 3,,1,{a63ac607-24d7-4e0d-a8f8-c11e2eae9531},2022-09-15,KouassiElodie,2022-10-17,KouassiElodie,POINT (268819.04339999985 832677.1129000001)
171,GBEKE,BOUAKE,BOUAKE,Un village,7.636275,-5.1422,BENDEKOUASSIKRO,Bassin,TOTOKRO,30,Tranche 1,,1,{5ec1ef21-bbb2-4efc-9abf-8a89d335bc9c},2022-09-15,KouassiElodie,2022-10-17,KouassiElodie,POINT (263673.3169999998 844675.1173)
172,GBEKE,SAKASSOU,SAKASSOU,Un village,7.483556,-5.270561,AKETE,Bassin,YABLASSOU,30,Tranche 2,"Du fait du Collège en cours de construction à YABLASSO, le village a affirmé ne pas être intéressé par le CDP. Du coup, il ne fait plus partie du bassin.",2,{9a2fd154-0520-4b31-afb4-18ab754fe7cd},2022-09-15,KouassiElodie,2022-10-17,KouassiElodie,POINT (249417.4450000003 827851.7880000006)
173,GBEKE,BOUAKE,BOUNDA,Un village,7.59974,-4.727634,YEGUEBO-BOUAKRO,Hote,YEGUEBO-BOUAKRO,30,Tranche 2,,1,{59aba9c4-347a-4b4f-a25f-3c6bef50ce7e},2022-09-15,KouassiElodie,2022-12-15,KouassiElodie,POINT (309407.00349999964 840429.0177999996)
174,GBEKE,BEOUMI,BODOKRO,Un village,7.848505,-5.571295,N'DAKRO,Bassin,ZANGOKRO,30,Tranche 2,,1,{433faf02-c909-46ec-8c07-1d0329fce673},2022-09-15,KouassiElodie,2022-10-17,KouassiElodie,POINT (216449.50090000033 868419.1746999994)
175,GBEKE,BOTRO,BOTRO,Un village,7.822176,-5.300865,KOUKROUTIE,Bassin,ZANIKRO,30,Tranche 3,,1,{108affe2-694d-4fd9-8f92-1edc99b825c9},2022-09-15,KouassiElodie,2022-10-17,KouassiElodie,POINT (246271.7708999999 865332.8628000002)
176,GBEKE,BEOUMI,BEOUMI,Un village,7.585547,-5.611099,DIVIESSOU,Bassin,ZINDE,30,Tranche 2,ZINDE est un quartier du village de DIEVIESSOU. Il est donc inclut dans DIEVIESSOU,2,{3166ee2a-78d2-4f5a-954f-ccb991b7fd78},2022-09-15,KouassiElodie,2022-10-17,KouassiElodie,POINT (211878.97730000038 839346.9771999996)
177,GBEKE,BOUAKE,MAMINI,Un village,7.70004096,-4.75574271,SAMINIKRO,Bassin,ZOUGBAN,30,Tranche 2,,1,{669a797e-5939-416b-8439-cd1852f0f1df},2022-09-15,KouassiElodie,2022-10-17,KouassiElodie,POINT (306350.3744000001 851534.7923000008)
178,GBEKE,SAKASSOU,SAKASSOU,Un village,7.37208263,-5.21852356,ANDOFOUEBONOU,Bassin,AHOUEBROUKRO,30,Tranche 1,,1,{32f22396-f3cd-4d08-a6b7-8ba273a9f912},2022-09-15,KouassiElodie,2022-10-17,KouassiElodie,POINT (255101.43890000042 815490.2372999992)
179,GBEKE,SAKASSOU,SAKASSOU,Un village,7.36710393,-5.21250859,ANDOFOUEBONOU,Bassin,AHOUEKANSI,30,Tranche 1,,1,{bde65df8-1aa1-4b5e-98f1-9233cfe4907f},2022-09-15,KouassiElodie,2022-10-17,KouassiElodie,POINT (255763.01169999968 814936.1532000005)
180,GBEKE,SAKASSOU,SAKASSOU,Un village,7.39467465,-5.22442962,ANDOFOUEBONOU,Bassin,AHOUEN ZISSIESSOU,30,Tranche 1,,1,{ccf4deee-d566-45d2-abfa-8795cf2d8e8a},2022-09-15,KouassiElodie,2022-10-17,KouassiElodie,POINT (254461.63740000036 817992.8282999992)
181,GBEKE,SAKASSOU,SAKASSOU,Un village,7.52903286,-5.34376941,GOLIBLENOU,Bassin,LOGBO N'GATTAKRO,30,Tranche 1,,1,{7d1804f9-5744-4a12-b1c1-9aff5b157e04},2022-09-15,KouassiElodie,2022-10-17,KouassiElodie,POINT (241360.63949999958 832925.7208999991)
182,GBEKE,SAKASSOU,SAKASSOU,Un village,7.53383489,-5.31759811,GOLIBLENOU,Bassin,ASSABOUDJEDJEKRO,30,Tranche 1,,1,{19195c8f-07a2-4c36-bf8a-59eff8d5eb04},2022-09-15,KouassiElodie,2022-12-02,KouassiElodie,POINT (244253.05059999973 833441.5932999998)
183,GBEKE,BOUAKE,MAMINI,Un village,7.77655733,-4.80067704,MAMINI,Bassin,ALLOUKRO,30,Tranche 1,,1,{6394c41a-0b3e-4bd4-97ec-db2392b8dd64},2022-09-15,KouassiElodie,2022-10-17,KouassiElodie,POINT (301428.6032999996 860018.3669000007)
184,GBEKE,BOUAKE,BOUAKE,Un village,7.64228288,-5.13843285,BENDEKOUASSIKRO,Bassin,PITIESSI,30,Tranche 1,,1,{6567424e-77c2-48a5-9015-c076cfc25de9},2022-09-15,KouassiElodie,2022-10-17,KouassiElodie,POINT (264092.3942 845337.6710000001)
185,GBEKE,BOUAKE,BOUAKE,Un village,7.63038576,-5.14083061,BENDEKOUASSIKRO,Bassin,IKILATEKRO,30,Tranche 1,,1,{7cf12725-f2ad-420f-8f89-36b7bb4dfb3f},2022-09-15,KouassiElodie,2022-10-17,KouassiElodie,POINT (263821.2207000004 844022.8709999993)
186,GBEKE,BEOUMI,BEOUMI,Un village,7.59888692,-5.52118371,AKADIAFOUE,Bassin,FARI M'BABO,30,Tranche 1,,1,{a880348a-ea75-4855-b41a-10888bb648b0},2022-09-15,KouassiElodie,2022-10-17,KouassiElodie,POINT (221815.58079999965 840764.3489999995)
187,GBEKE,BEOUMI,BEOUMI,Un village,7.59156912,-5.47954121,AKADIAFOUE,Bassin,YOBOUE N'ZUE,30,Tranche 1,,1,{a5ba3daf-df6f-4f31-9147-1d8f6a502a79},2022-09-15,KouassiElodie,2022-10-17,KouassiElodie,POINT (226408.5412999997 839928.0852000006)
188,GBEKE,BEOUMI,LOLOBO,Un village,7.75523338,-5.41813129,LOLOBO,Bassin,AHOUNZE,30,Tranche 1,,1,{7f6b6a93-1e40-4eaf-9588-d7ca142c0ae1},2022-09-15,KouassiElodie,2022-10-17,KouassiElodie,POINT (233290.5563000003 857998.4907000009)
189,GBEKE,BEOUMI,LOLOBO,Un village,7.75290881,-5.44679075,LOLOBO,Bassin,ASSEKRO KONGOLA,30,Tranche 1,,1,{427f14ae-ce6d-4984-be5d-ee9801aabdc7},2022-09-15,KouassiElodie,2022-10-17,KouassiElodie,POINT (230126.20500000007 857759.4127999991)
190,GBEKE,BEOUMI,LOLOBO,Un village,7.81653241,-5.40302412,LOLOBO,Bassin,SAMOIKRO,30,Tranche 1,,1,{7b9eeb9c-8309-48bb-9f3f-f52bf588891c},2022-09-15,KouassiElodie,2022-10-17,KouassiElodie,POINT (234996.32290000003 864771.4377999995)
191,GBEKE,BEOUMI,LOLOBO,Un village,7.81055388,-5.41260393,LOLOBO,Bassin,AGBANOU,30,Tranche 1,A retirer le village se trouve a 6 Km du village hôte LOLOBO,2,{1f116ac8-938b-45b2-8a7e-744124245698},2022-09-15,KouassiElodie,2022-10-17,KouassiElodie,POINT (233935.47530000005 864115.9848999996)
192,GBEKE,BOTRO,DIABO,Un village,7.76435827,-5.20729558,SINZEKRO,Bassin,N'GUESSAN KOUAMEKRO,30,Tranche 1,,1,{ed5b8c1e-79c3-4925-912d-37af34eccd5d},2022-09-15,KouassiElodie,2022-10-17,KouassiElodie,POINT (256561.77759999968 858881.1808000002)
193,GBEKE,BOTRO,DIABO,Un village,7.74243282,-5.1841691,SINZEKRO,Bassin,AKOKOKRO,30,Tranche 1,,1,{9dac96d0-e206-4337-91a9-15c2a7fa6974},2022-09-15,KouassiElodie,2022-10-17,KouassiElodie,POINT (259101.07610000018 856442.3884999994)
194,GBEKE,BOTRO,DIABO,Un village,7.76565899,-5.2396282,SINZEKRO,Bassin,KITIKPO,30,Tranche 1,,1,{8aa3c01e-556a-4e39-8e2f-583e26f82d73},2022-09-15,KouassiElodie,2022-10-17,KouassiElodie,POINT (252994.88769999985 859043.7961999997)
195,GBEKE,SAKASSOU,SAKASSOU,Un village,7.46580039,-5.21740302,KANANGO-KPLI,Bassin,MANGOFI,30,Tranche 1,,1,{ba63b69b-add8-4a92-8beb-4b054d509faf},2022-09-15,KouassiElodie,2022-10-17,KouassiElodie,POINT (255277.02990000043 825857.5403000005)
196,GBEKE,SAKASSOU,SAKASSOU,Un village,7.45201033,-5.19019177,KANANGO-KPLI,Bassin,AHOBE,30,Tranche 1,,1,{69532f22-a52a-49af-8521-9042b87f7fc9},2022-09-15,KouassiElodie,2022-10-17,KouassiElodie,POINT (258274.04949999973 824316.9581000004)
197,GBEKE,SAKASSOU,SAKASSOU,Un village,7.47253056,-5.23647849,AKETE,Bassin,SINGOLI,30,Tranche 1,SINGOLI est un village du bassin d'AKETE les deux villages partagent la même école primaire. Singoli a donc décidé d'être dans le bassin d'AKETE,1,{4ffd194d-5716-4250-9d49-489758fece39},2022-09-15,KouassiElodie,2022-10-17,KouassiElodie,POINT (253174.5159 826612.7464000005)
198,GBEKE,SAKASSOU,SAKASSOU,Un village,7.43819405,-5.19590127,KANANGO-KPLI,Bassin,KOUBENOU,30,Tranche 1,,1,{615bb4ac-9ceb-443b-be9d-d5e5f8f24759},2022-09-15,KouassiElodie,2022-10-17,KouassiElodie,POINT (257636.0114000002 822791.6265999991)
199,GBEKE,SAKASSOU,SAKASSOU,Un village,7.48356563,-5.20562199,KANANGO-KPLI,Bassin,POKOUASSIKRO,30,Tranche 1,,1,{b45deee5-284d-4236-8cc4-436b5b90a1b5},2022-09-15,KouassiElodie,2022-10-17,KouassiElodie,POINT (256587.71339999977 827816.3554999996)
200,GBEKE,BEOUMI,BEOUMI,Un village,7.67051226,-5.43475902,AFFOTOBO,Bassin,GOLIKRO,30,Tranche 2,,1,{f6befa3b-2bfc-411a-93f9-6f53f6db2116},2022-09-15,KouassiElodie,2022-10-17,KouassiElodie,POINT (231402.02689999994 848634.8478999995)
201,GBEKE,BEOUMI,LOLOBO,Un village,7.66893415,-5.40546324,AFFOTOBO,Bassin,ASSEKRO,30,Tranche 2,,1,{ab5ff417-39aa-48a1-91ba-7aeb158772bd},2022-09-15,KouassiElodie,2022-10-17,KouassiElodie,POINT (234634.7589999996 848441.9970999993)
202,GBEKE,BEOUMI,BODOKRO,Un village,7.91198098,-5.46737044,KOUAKOU BAKAKRO,Bassin,BABROUKRO,30,Tranche 2,,1,{9817355a-4ce3-45cf-a4e4-762ca45e0bce},2022-09-15,KouassiElodie,2022-10-17,KouassiElodie,POINT (227958.3295 875373.9116999991)
203,GBEKE,BEOUMI,BODOKRO,Un village,7.89937041,-5.47360755,KOUAKOU BAKAKRO,Bassin,AKA-KOFFIKRO,30,Tranche 2,,1,{65b5afd5-8579-4678-a310-ccee537f37cc},2022-09-15,KouassiElodie,2022-10-17,KouassiElodie,POINT (227261.94849999994 873982.6270000003)
204,GBEKE,BEOUMI,BODOKRO,Un village,7.97216055,-5.45360107,KOUAKOU BAKAKRO,Bassin,MINAMBO,30,Tranche 2,,1,{efbed0b1-64aa-468a-bb39-fd7260f0eda5},2022-09-15,KouassiElodie,2022-10-17,KouassiElodie,POINT (229516.8080000002 882023.7631000001)
205,GBEKE,BEOUMI,BODOKRO,Un village,7.92615903,-5.48861976,KOUAKOU BAKAKRO,Bassin,KOUAKOUKRO,30,Tranche 2,,1,{d157a3ba-1251-4edf-8f6e-503b5bf899d2},2022-09-15,KouassiElodie,2022-10-17,KouassiElodie,POINT (225623.4436999997 876956.7091000006)
206,GBEKE,BEOUMI,ANDO-KEKRENOU,Un village,7.51741003,-5.57651842,ANDO,Bassin,KPALEBO,30,Tranche 2,,1,{8e555488-9990-42c0-8412-3f539f389559},2022-09-15,KouassiElodie,2022-10-17,KouassiElodie,POINT (215652.69060000032 831784.2459999993)
207,GBEKE,BEOUMI,ANDO-KEKRENOU,Un village,7.51041352,-5.57203509,ANDO,Bassin,AGONASSOU 2,30,Tranche 2,,1,{3a82c0e1-b20e-483c-b546-3b4fb17f0783},2022-09-15,KouassiElodie,2022-10-17,KouassiElodie,POINT (216143.25119999982 831007.1176999994)
208,GBEKE,BEOUMI,ANDO-KEKRENOU,Un village,7.47991055,-5.57563278,ANDO,Bassin,KOUEBO-KAN,30,Tranche 2,,1,{97d0959b-a42d-4b30-8bc5-a931679bb259},2022-09-15,KouassiElodie,2022-10-17,KouassiElodie,POINT (215726.13499999978 827634.0659999996)
209,GBEKE,BEOUMI,ANDO-KEKRENOU,Un village,7.5591912,-5.52941247,MANDANOU,Bassin,DJAMALA-N'ZUE,30,Tranche 2,,1,{2b515d96-8eb1-4ff8-a78c-3b038d451bc1},2022-09-15,KouassiElodie,2022-10-17,KouassiElodie,POINT (220881.46310000028 836377.1524)
210,GBEKE,BEOUMI,ANDO-KEKRENOU,Un village,7.56371735,-5.5318824,MANDANOU,Bassin,GOYEREBO,30,Tranche 2,L'orthographe devarit être GOYEREBO,1,{d48beaf6-c6aa-4287-b41b-f74d7f6d959b},2022-09-15,KouassiElodie,2022-10-17,KouassiElodie,POINT (220611.65079999994 836879.5763000008)
211,GBEKE,BEOUMI,BEOUMI,Un village,7.51774029,-5.51812895,MANDANOU,Bassin,TIESSOU,30,Tranche 2,Dépends de Mandanou et non Ando car il est a plus de 5km de Ando,1,{aa5e57ff-8ad4-4ff0-ada6-17350de25881},2022-09-15,KouassiElodie,2022-10-17,KouassiElodie,POINT (222100.90880000032 831783.2601999994)
212,GBEKE,BEOUMI,BODOKRO,Un village,7.97241225,-5.42016878,PLIBO,Bassin,ADJOKRO,30,Tranche 2,,1,{8b30e5a8-fc89-4468-829f-7da76a6892fa},2022-09-15,KouassiElodie,2022-10-17,KouassiElodie,POINT (233204.65969999973 882029.8467999995)
213,GBEKE,BEOUMI,BODOKRO,Un village,7.95230159,-5.4043472,PLIBO,Bassin,KONGOKRO,30,Tranche 2,,1,{6c27bb88-f44f-488c-8c8f-9ff58f589f78},2022-09-15,KouassiElodie,2022-10-17,KouassiElodie,POINT (234936.85730000027 879794.4934)
214,GBEKE,BOUAKE,BOUAKE,Un village,7.61485711,-5.12697385,AKANZAKRO,Bassin,N'ZUEFOUFOUENOUAN,30,Tranche 2,,1,{c89e48a7-0461-4e18-8b41-4ae1811f3025},2022-09-15,KouassiElodie,2022-10-17,KouassiElodie,POINT (265342.13520000037 842297.4693)
215,GBEKE,SAKASSOU,DIBRI-ASRIKRO,Un village,7.59813241,-5.10688101,AKANZAKRO,Bassin,GOHOUNOUAN,30,Tranche 2,,1,{7e68648b-2d3f-4fd7-b801-ba852194608a},2022-09-15,KouassiElodie,2022-10-17,KouassiElodie,POINT (267550.83860000037 840436.4842000008)
216,GBEKE,BOUAKE,BOUAKE,Un village,7.60042395,-5.10786473,AKANZAKRO,Bassin,ADISAKASSOU,30,Tranche 2,,1,{164ecf36-9a1e-4cae-aaa7-55ae7680b201},2022-09-15,KouassiElodie,2022-10-17,KouassiElodie,POINT (267443.4930999996 840690.5078999996)
217,GBEKE,SAKASSOU,DIBRI-ASRIKRO,Un village,7.58455351,-5.11317786,AKANZAKRO,Bassin,BELA -AHOUKRO,30,Tranche 2,,1,{2e9a5a3e-693b-4d0a-8781-d05f953460e6},2022-09-15,KouassiElodie,2022-10-17,KouassiElodie,POINT (266848.4885999998 838937.7376000006)
218,GBEKE,SAKASSOU,SAKASSOU,Un village,7.42083473,-5.28798535,ANDOBO-ALLUIBO,Bassin,KPANGBASSOU,30,Tranche 2,,1,{13d17b57-607a-4826-a8ec-aa3e88a54f81},2022-09-15,KouassiElodie,2022-10-17,KouassiElodie,POINT (247457.51769999973 820922.6235000007)
219,GBEKE,SAKASSOU,SAKASSOU,Un village,7.52135948,-5.22014473,AKETE,Bassin,LOMO SOUKPEBO,30,Tranche 2,,1,{dfcdd210-3c9c-4fc4-8cf4-16b2e76b3876},2022-09-15,KouassiElodie,2022-10-17,KouassiElodie,POINT (255005.37210000027 832005.5488000009)
220,GBEKE,SAKASSOU,SAKASSOU,Un village,7.51906617,-5.25775116,AKETE,Bassin,MAHOUNOU-KONGODJAN,30,Tranche 2,,1,{d0ba2cb3-d10c-416a-9ad8-a0d5370fed7c},2022-09-15,KouassiElodie,2022-10-17,KouassiElodie,POINT (250852.09310000017 831773.0821000002)
221,GBEKE,SAKASSOU,DIBRI-ASRIKRO,Un village,7.51996517,-5.20658596,AKETE,Bassin,AGBANOUAN,30,Tranche 2,,1,{cb370a03-eb93-4828-9c73-85a3b82d6ccc},2022-09-15,KouassiElodie,2022-10-17,KouassiElodie,POINT (256501.53619999997 831843.7251999993)
222,GBEKE,BOTRO,KROFOINSOU,Un village,7.97781887,-5.3336564,BALEKRO,Bassin,SOUBLASSOU,30,Tranche 2,,1,{70ed1e62-5037-4195-921c-5dcbc9133e59},2022-09-15,KouassiElodie,2022-12-15,KouassiElodie,POINT (242750.22389999963 882573.1004000008)
223,GBEKE,BOTRO,KROFOINSOU,Un village,7.96841484,-5.34883622,BALEKRO,Bassin,KOUAMEKRO,30,Tranche 2,,1,{7d35aeee-4a3e-4ab3-8d91-dfc13bf5893e},2022-09-15,KouassiElodie,2022-12-15,KouassiElodie,POINT (241070.05700000003 881542.1269000005)
224,GBEKE,BOTRO,KROFOINSOU,Un village,8.01903136,-5.31119905,BALEKRO,Bassin,KOUABOUHANSOU,30,Tranche 2,,1,{0a9b176f-007b-445c-a19c-e9dea04cf646},2022-09-15,KouassiElodie,2022-12-15,KouassiElodie,POINT (245252.71549999993 887118.8520999998)
225,GBEKE,BOTRO,KROFOINSOU,Un village,8.03482687,-5.31199482,BALEKRO,Bassin,ALLAKRO,30,Tranche 2,,1,{2619c8c8-1dee-442c-8908-7b0114c1f1f2},2022-09-15,KouassiElodie,2022-12-15,KouassiElodie,POINT (245174.81039999984 888866.9436000008)
226,GBEKE,BOTRO,KROFOINSOU,Un village,8.04220318,-5.31060519,BALEKRO,Bassin,N'GORANKRO,30,Tranche 2,,1,{73867a61-c1ba-4350-b55d-44002fff8860},2022-09-15,KouassiElodie,2022-12-15,KouassiElodie,POINT (245332.65899999999 889682.1852000002)
227,GBEKE,BOTRO,KROFOINSOU,Un village,7.97620562,-5.30748994,BALEKRO,Bassin,ABENGOUROU,30,Tranche 2,,1,{06d8fcd2-3b7f-4506-8ab5-4bacbb676854},2022-09-15,KouassiElodie,2022-12-15,KouassiElodie,POINT (245635.19519999996 882378.3820999991)
228,GBEKE,BEOUMI,BEOUMI,Un village,7.59198861,-5.57159348,DIVIESSOU,Bassin,AGBANYASSI,30,Tranche 2,L'orthographe est AGBANYASSI et non ABANYASI,1,{ea7d7d8c-9992-4a6f-bc06-9bf90e9503ef},2022-09-15,KouassiElodie,2022-10-17,KouassiElodie,POINT (216245.29959999956 840033.7298000008)
229,GBEKE,BEOUMI,ANDO-KEKRENOU,Un village,7.58111973,-5.58649193,DIVIESSOU,Bassin,OUENGRE,30,Tranche 2,,1,{8cd0a412-8e1e-4d68-a3b7-091d6b0c716d},2022-09-15,KouassiElodie,2022-10-17,KouassiElodie,POINT (214593.11870000046 838840.7800999992)
230,GBEKE,BEOUMI,BODOKRO,Un village,7.87447023,-5.58154003,N'DAKRO,Bassin,SAFOUKRO,30,Tranche 2,,1,{376fda16-c426-45e9-b216-1b996b1acf05},2022-09-15,KouassiElodie,2022-10-17,KouassiElodie,POINT (215336.70629999973 871299.4245999996)
231,GBEKE,BEOUMI,BODOKRO,Un village,7.88707537,-5.55188433,N'DAKRO,Bassin,ASSAKRO,30,Tranche 2,,1,{c158e42e-d795-4350-9938-98dd9d1366ab},2022-09-15,KouassiElodie,2022-10-17,KouassiElodie,POINT (218617.43709999975 872674.1778999995)
232,GBEKE,BOUAKE,BOUNDA,Un village,7.62941122,-4.7496246,BOUNDA,Bassin,KOUADIANIKRO,30,Tranche 2,,1,{9b4c2b9e-4408-41e3-a0ff-31e31e5de7f6},2022-09-15,KouassiElodie,2022-10-17,KouassiElodie,POINT (306993.5497000003 843720.3850999996)
233,GBEKE,BOUAKE,BOUNDA,Un village,7.62684834,-4.77383782,BOUNDA,Bassin,BOPRI,30,Tranche 2,,1,{b0842832-c6bb-422a-8f80-78e80d443cf3},2022-09-15,KouassiElodie,2022-10-17,KouassiElodie,POINT (304320.5267000003 843447.8386000004)
234,GBEKE,BOUAKE,BOUNDA,Un village,7.64705851,-4.7738634,BOUNDA,Bassin,N'DOUMOUKOUASSIKRO,30,Tranche 2,,1,{3b7f1b0f-eb88-467e-badb-7443770cf518},2022-09-15,KouassiElodie,2022-10-17,KouassiElodie,POINT (304326.90380000044 845683.1176999994)
235,GBEKE,BOUAKE,BOUNDA,Un village,7.58216639,-4.7167088,YEGUEBO-BOUAKRO,Bassin,YAPIKRO,30,Tranche 2,,1,{690d0ee0-559d-48a3-ab26-12d031a13565},2022-09-15,KouassiElodie,2022-12-15,KouassiElodie,POINT (310604.93120000046 838480.6242999993)
236,GBEKE,BOUAKE,MAMINI,Un village,7.71687577,-4.77682508,SAMINIKRO,Bassin,TAKASSOU,30,Tranche 2,,1,{990da10f-05d7-4ae2-a853-e4a8d0fff714},2022-09-15,KouassiElodie,2022-10-17,KouassiElodie,POINT (304032.1233000001 853406.3602000009)
237,GBEKE,BOUAKE,MAMINI,Un village,7.72400976,-4.74579671,SAMINIKRO,Bassin,TANOU-BROUKRO,30,Tranche 2,,1,{cf933bfb-d64f-49bd-a187-cee1177d888e},2022-09-15,KouassiElodie,2022-10-17,KouassiElodie,POINT (307458.5426000003 854181.2443000004)
238,GBEKE,SAKASSOU,SAKASSOU,Un village,7.57048171,-5.28636983,ADJOUGOUANSOU,Bassin,N'DA-OKOUKRO,30,Tranche 2,,1,{98e08f28-1edc-4099-a2aa-dcb9c902cf4a},2022-09-15,KouassiElodie,2022-10-17,KouassiElodie,POINT (247722.15880000032 837477.8353000004)
239,GBEKE,SAKASSOU,DIBRI-ASRIKRO,Un village,7.58049631,-5.27980827,ADJOUGOUANSOU,Bassin,ANOUGBLEKRO,30,Tranche 2,,1,{b735e439-df8b-4cd4-b802-56b0934c726d},2022-09-15,KouassiElodie,2022-10-17,KouassiElodie,POINT (248452.34700000007 838581.9903999995)
240,GBEKE,SAKASSOU,SAKASSOU,Un village,7.51315113,-5.27952131,ADJOUGOUANSOU,Bassin,MAHOUNOU-N'ZUESSI,30,Tranche 2,,1,{9ee2f8a7-88e5-44e5-a6a3-c1380fb11826},2022-09-15,KouassiElodie,2022-10-17,KouassiElodie,POINT (248445.0739000002 831131.1373999994)
241,GBEKE,BOTRO,LANGUIBONOU,Un village,7.75916281,-5.29840016,KLEMEKLO,Bassin,KOUASSIKRO,30,Tranche 2,,1,{eddf9b44-83f5-4830-9483-4fa6426c5652},2022-09-15,KouassiElodie,2022-10-17,KouassiElodie,POINT (246505.79279999994 858359.8019999992)
242,GBEKE,BOTRO,LANGUIBONOU,Un village,7.79434225,-5.28469309,KLEMEKLO,Bassin,N'DOUAKRO,30,Tranche 2,Ajouté par MobCom,1,{cb9d09d5-23c6-4ec7-84e6-9d4413d43e5a},2022-09-15,KouassiElodie,2022-10-17,KouassiElodie,POINT (248039.35940000042 862243.7302999999)
243,GBEKE,SAKASSOU,DIBRI-ASRIKRO,Un village,7.60718782,-5.26419255,ANGOKOUN-KPANGBASSOU,Bassin,GOLIBO,30,Tranche 2,,1,{f40b3b2c-88fd-4b21-85be-b1f74b8b1865},2022-09-15,KouassiElodie,2022-10-17,KouassiElodie,POINT (250191.64659999963 841525.9386999998)
244,GBEKE,BOTRO,LANGUIBONOU,Un village,7.64081883,-5.25364414,ANGOKOUN-KPANGBASSOU,Bassin,ABOLE-KOUASSIKRO,30,Tranche 2,,1,{a1c82e1a-d198-4251-865c-7355943284b8},2022-09-15,KouassiElodie,2022-10-17,KouassiElodie,POINT (251375.4639999997 845240.5480000004)
245,GBEKE,SAKASSOU,DIBRI-ASRIKRO,Un village,7.63964957,-5.2094545,ANGOKOUN-KPANGBASSOU,Bassin,ASSAN-KOUASSIKRO,30,Tranche 2,ASSAN-KOUASSIKRO et non ASSEN-KOUASSIKRO,1,{ca1d1fca-efe9-4176-826a-d38975e2484c},2022-09-15,KouassiElodie,2022-10-17,KouassiElodie,POINT (256252.22159999982 845085.9212999996)
246,GBEKE,BOTRO,LANGUIBONOU,Un village,7.63072301,-5.20559778,ANGOKOUN-KPANGBASSOU,Bassin,BOUAKRO,30,Tranche 2,,1,{bdcd6fd4-af6a-4297-9941-e81625626b60},2022-09-15,KouassiElodie,2022-10-17,KouassiElodie,POINT (256672.84729999956 844096.2013000008)
247,GBEKE,BEOUMI,ANDO-KEKRENOU,Un village,7.52235988,-5.65675447,LINGUEBO,Bassin,TIESSOU-DEMAKRO,30,Tranche 2,,1,{bd068683-8085-4f41-a896-9ba1950081a0},2022-09-15,KouassiElodie,2022-12-15,KouassiElodie,POINT (206795 832384.9999000002)
248,GBEKE,BEOUMI,ANDO-KEKRENOU,Un village,7.50436522,-5.70322002,LINGUEBO,Bassin,AKPOSSOU,30,Tranche 2,,1,{b62432fb-cc25-4b82-a95a-4dc510e0cd18},2022-09-15,KouassiElodie,2022-12-15,KouassiElodie,POINT (201650.99990000017 830424.9999000002)
249,GBEKE,BEOUMI,ANDO-KEKRENOU,Un village,7.46120248,-5.62342858,LINGUEBO,Bassin,KENEFOUE,30,Tranche 2,,1,{a2a5c623-3ff4-4fa4-badd-34d361e1c0de},2022-09-15,KouassiElodie,2022-12-15,KouassiElodie,POINT (210434.99990000017 825594.9999000002)
250,GBEKE,BEOUMI,ANDO-KEKRENOU,Un village,7.4598805,-5.62539441,LINGUEBO,Bassin,MANGRE-DAN,30,Tranche 2,,1,{13d57901-fc57-4bbc-9203-f21a92b6c468},2022-09-15,KouassiElodie,2022-12-15,KouassiElodie,POINT (210216.99990000017 825449.9999000002)
251,GBEKE,SAKASSOU,SAKASSOU,Un village,7.59869681,-5.3781836,KOUMAMBO,Bassin,DJEHOU,30,Tranche 2,Les appelations de KOUEKRO et de DJEHOU renvoient aux villages SOUAFOUE-KOUEKRO et SOUAFOUE-DJEHOU,1,{ca12670b-5605-446e-bb53-7bdbed95c3c8},2022-09-15,KouassiElodie,2022-10-17,KouassiElodie,POINT (237603 840653.9999000002)
252,GBEKE,SAKASSOU,SAKASSOU,Un village,7.58914953,-5.37211653,KOUMAMBO,Bassin,SOUAFOUE-DJANHAN,30,Tranche 2,Ce village est au-delà de 5 km du village hôte Mob COm,2,{1fa91ed5-cabf-4366-b072-184439f188f7},2022-09-15,KouassiElodie,2022-10-17,KouassiElodie,POINT (238267 839593.9999000002)
253,GBEKE,SAKASSOU,SAKASSOU,Un village,7.58716503,-5.35644421,KOUMAMBO,Bassin,SOUAFOUE-KOUEKRO,30,Tranche 2,,1,{a104e22d-18d8-4210-8cc4-ed02c8769f43},2022-09-15,KouassiElodie,2022-10-17,KouassiElodie,POINT (239996 839364.9999000002)
254,GBEKE,BOUAKE,BOUAKE,Un village,7.71362397,-4.90355063,KOBLEKRO,Bassin,N’DRIKRO,30,Tranche 2,,1,{483f9a79-1853-4974-a787-cb31920d1a9e},2022-09-15,KouassiElodie,2022-10-17,KouassiElodie,POINT (290049 853106.9999000002)
255,GBEKE,BOUAKE,BOUAKE,Un village,7.72936637,-4.89490177,KOBLEKRO,Bassin,YAPO-KOUAKOUKRO,30,Tranche 2,,1,{e69e560a-b6ab-4605-a134-e13c7c50c6a8},2022-09-15,KouassiElodie,2022-10-17,KouassiElodie,POINT (291011 854843.9999000002)
256,GBEKE,BOUAKE,BOUAKE,Un village,7.58450648,-5.03444364,RAFFIERKRO,Bassin,N’DOUAKRO,30,Tranche 2,,1,{690c82b1-5107-46e4-bf29-fd73fa92c903},2022-09-15,KouassiElodie,2022-10-17,KouassiElodie,POINT (275539 838890.9999000002)
257,GBEKE,BOUAKE,BOUAKE,Un village,7.59098925,-5.01093576,RAFFIERKRO,Bassin,ABIDJI,30,Tranche 2,L'orthographe est AHODJI,1,{7b6ba039-9f96-4889-bb1a-311c2d65398c},2022-09-15,KouassiElodie,2022-10-17,KouassiElodie,POINT (278137 839595.9999000002)
258,GBEKE,BOUAKE,BOUAKE,Un village,7.57499321,-5.02733232,RAFFIERKRO,Bassin,KOFFIKRO,30,Tranche 2,,1,{e0aa462e-3d9e-4349-9c04-08bd2788cf29},2022-09-15,KouassiElodie,2022-10-17,KouassiElodie,POINT (276319 837834.9999000002)
259,GBEKE,BOUAKE,BOUAKE,Un village,7.75951504,-4.96128721,KAHANKRO,Bassin,Fari-Oko,30,Tranche 2,,1,{c1ecc54a-784e-471e-b49b-5134b879e7aa},2022-09-15,KouassiElodie,2022-10-17,KouassiElodie,POINT (283702 858211.9998000003)
260,GBEKE,BOUAKE,BOUAKE,Un village,7.74391607,-4.97196455,KAHANKRO,Bassin,Aboua-Angankro,30,Tranche 2,,1,{908515d5-8c1c-4853-be5c-2ea65b8f99e4},2022-09-15,KouassiElodie,2022-10-17,KouassiElodie,POINT (282516 856491.9999000002)
261,GBEKE,BOUAKE,DJEBONOUA,Un village,7.48303526,-5.08173159,KONDOUKRO,Bassin,MEBO,30,Tranche 2,,1,{b0f5f248-03cd-4895-ab0c-85c663c620d7},2022-09-15,KouassiElodie,2022-10-17,KouassiElodie,POINT (270266 827690.9999000002)
262,GBEKE,BOUAKE,DJEBONOUA,Un village,7.47446755,-5.10034012,KONDOUKRO,Bassin,ADJOUASSOU,30,Tranche 2,,1,{5b4a9f29-1b10-45a4-9367-3a33ea2f77e6},2022-09-15,KouassiElodie,2022-10-17,KouassiElodie,POINT (268207 826752.9999000002)
263,GBEKE,BOUAKE,DJEBONOUA,Un village,7.46278975,-5.0866262,KONDOUKRO,Bassin,TANOU-SAKASSOU,30,Tranche 2,,1,{83b64e96-2434-45bc-bcb2-46d4f22f21db},2022-09-15,KouassiElodie,2022-10-17,KouassiElodie,POINT (269715 825453.9999000002)
264,GBEKE,BOUAKE,DJEBONOUA,Un village,7.4439079,-5.07645657,KONDOUKRO,Bassin,SEMOUKRO,30,Tranche 2,,1,{6907693e-b379-4ee5-b32d-8db26c45dac2},2022-09-15,KouassiElodie,2022-10-17,KouassiElodie,POINT (270828 823359.9999000002)
265,GBEKE,BOUAKE,DJEBONOUA,Un village,7.56211313,-5.07490658,ASSENGOU,Bassin,LOGBAKRO,30,Tranche 2,,1,{50c4e2ec-ec66-4fac-9c3f-8ff644398293},2022-09-15,KouassiElodie,2022-10-17,KouassiElodie,POINT (271061 836434.9999000002)
266,GBEKE,BOUAKE,BOUAKE,Un village,7.58425597,-5.0454503,ASSENGOU,Bassin,KPOKAHANKRO,30,Tranche 2,,1,{1e552796-7623-4d5b-b363-e452c1340243},2022-09-15,KouassiElodie,2022-10-17,KouassiElodie,POINT (274323.99990000017 838868.9999000002)
267,GBEKE,BOUAKE,DJEBONOUA,Un village,7.43668492,-5.11091007,ASSOUAKRO,Bassin,ATTAKRO,30,Tranche 2,,1,{bc543e49-92d2-4fbb-b642-92151a37f99d},2022-09-15,KouassiElodie,2022-10-17,KouassiElodie,POINT (267020 822578.9998000003)
268,GBEKE,BOUAKE,DJEBONOUA,Un village,7.43077174,-5.0786046,ASSOUAKRO,Bassin,AOUNIANSOU,30,Tranche 2,,1,{2cd1b7ff-340a-4e2d-a5b7-b797bb6d6dc0},2022-09-15,KouassiElodie,2022-10-17,KouassiElodie,POINT (270584 821907.9999000002)
269,GBEKE,SAKASSOU,DIBRI-ASRIKRO,Un village,7.58427124,-5.24571637,SOLABONIBROUKRO,Bassin,ALLOUBOTI,30,Tranche 2,,1,{3021f8ba-d863-438c-9658-facc02c15add},2022-09-15,KouassiElodie,2022-12-15,KouassiElodie,POINT (252218 838979.9998000003)
270,GBEKE,SAKASSOU,DIBRI-ASRIKRO,Un village,7.6012326,-5.23438992,SOLABONIBROUKRO,Bassin,BAKADJASSOU,30,Tranche 2,,1,{3ec8135a-1e33-4cdf-b88d-36f15f213cf0},2022-09-15,KouassiElodie,2022-12-15,KouassiElodie,POINT (253478 840849.9999000002)
271,GBEKE,SAKASSOU,DIBRI-ASRIKRO,Un village,7.58392145,-5.2098958,SOLABONIBROUKRO,Bassin,TENGBE,30,Tranche 2,,1,{5587c6c0-551f-4479-8c17-b1415a0ce1cc},2022-09-15,KouassiElodie,2022-12-15,KouassiElodie,POINT (256172 838920.9999000002)
272,GBEKE,BOUAKE,BOUAKE,Un village,7.59506535,-5.05175288,ASSENGOU,Bassin,KOUAKOU-YOBOUEKRO,30,Tranche 2,,1,{792845d0-3422-4c55-9c07-b54e7605868f},2022-09-15,KouassiElodie,2022-10-17,KouassiElodie,POINT (273634 840067.9999000002)
273,GBEKE,BOTRO,KROFOINSOU,Un village,7.99371792,-5.24814876,KROFOINSOU,Bassin,AHOUGNANOU,30,Tranche 1,Ajouté par MobCom/ Rétiré du bassin par Mob com/ Ne figure pas dans la carte du bassin validé par MCA,2,{36c08841-e078-4807-9d7c-9db884b82402},2022-09-15,KouassiElodie,2022-10-17,KouassiElodie,POINT (252190.49509999994 884279.7119999994)
274,GBEKE,BEOUMI,BEOUMI,Un village,7.66837808,-5.52712756,BELAKRO,Bassin,N'GOTRAN,30,Tranche 1,Ajouté par MobCom,1,{61bccf2e-6793-4c43-a7a3-eca148cd6be7},2022-09-15,KouassiElodie,2022-10-17,KouassiElodie,POINT (221204.4126000004 848457.6597000007)
275,GBEKE,BEOUMI,BEOUMI,Un village,7.6087258,-5.48631373,AKADIAFOUE,Bassin,OBENIKRO,30,Tranche 1,Ajouté par MobCom,1,{06e29e57-eb3f-4bd1-8d01-b4e1d8579799},2022-09-15,KouassiElodie,2022-10-17,KouassiElodie,POINT (225671.71219999995 841830.7660000008)
276,GBEKE,SAKASSOU,SAKASSOU,Un village,7.50662859,-5.32255201,GOLIBLENOU,Bassin,GOLIPOKOUKRO,30,Tranche 1,Ajouté par MobCom,1,{8d8d3f67-28ce-4cbc-aa8e-4d5e6c9182aa},2022-09-15,KouassiElodie,2022-10-17,KouassiElodie,POINT (243690.11959999986 830434.4638)
277,GBEKE,SAKASSOU,SAKASSOU,Un village,7.55033872,-5.30650531,ADJOUGOUANSOU,Bassin,ASSABOU- KPNAGUI-YAOKRO,30,Tranche 2,Ajouté par MobCom,1,{9a3e2049-bc10-459d-a2db-29e8dd18e5dc},2022-09-15,KouassiElodie,2022-10-17,KouassiElodie,POINT (245487.43939999957 835261.0326000005)
278,GBEKE,SAKASSOU,SAKASSOU,Un village,7.41600846,-5.31885184,ANDOBO-ALLUIBO,Bassin,ASSAFOU,30,Tranche 2,Ajouté par MobCom,1,{4d359091-d3a4-4080-a590-15b215707bce},2022-09-15,KouassiElodie,2022-10-17,KouassiElodie,POINT (244045.9556 820406.3703000005)
279,GBEKE,SAKASSOU,SAKASSOU,Un village,7.38800888,-5.33891589,ANDOBO-ALLUIBO,Bassin,KONANKRO -SAKASSOU,30,Tranche 2,Ajouté par MobCom,1,{490ad45f-e6ae-4325-9eac-fcbc67a6c2e7},2022-09-15,KouassiElodie,2022-10-17,KouassiElodie,POINT (241813.7991000004 817320.1795000006)
280,GBEKE,BOTRO,LANGUIBONOU,Un village,7.65295001,-5.31291516,ANDOKRO-KOUAKOU,Bassin,AKPROABO,30,Tranche 2,Ajouté par MobCom,1,{737e4b56-95bd-45d7-bf61-7d32f2339ec4},2022-09-15,KouassiElodie,2022-12-15,KouassiElodie,POINT (244840.42509999964 846617.3917999994)
281,GBEKE,BOTRO,LANGUIBONOU,Un village,7.6540058,-5.30904333,ANDOKRO-KOUAKOU,Bassin,SANGROBO,30,Tranche 2,Ajouté par MobCom,1,{af5cc747-8321-4c27-9f75-faa5d0f4394b},2022-09-15,KouassiElodie,2022-12-15,KouassiElodie,POINT (245268.41590000037 846731.9036999997)
282,GBEKE,BOTRO,LANGUIBONOU,Un village,7.64636132,-5.35093649,ANDOKRO-KOUAKOU,Bassin,N'DRI-KOUASSIKRO,30,Tranche 2,Ajouté par MobCom,1,{15c2327b-3179-4ec2-9b7d-d09f2b7b3449},2022-09-15,KouassiElodie,2022-12-15,KouassiElodie,POINT (240639.6799999997 845911.1772000007)
283,GBEKE,BOTRO,LANGUIBONOU,Un village,7.64481012,-5.36439108,ANDOKRO-KOUAKOU,Bassin,KOFFIKLAKRO,30,Tranche 2,Ajouté par MobCom/ S'ecrit KOFFIKLAKRO au lieu de KOFFIKRAKRO,1,{45356002-10df-42ff-8b97-aa95f26c19ba},2022-09-15,KouassiElodie,2022-12-15,KouassiElodie,POINT (239153.58189999964 845747.6877999995)
284,GBEKE,SAKASSOU,DIBRI-ASRIKRO,Un village,7.61775975,-5.24160465,ANGOKOUN-KPANGBASSOU,Bassin,KOUADIO-BONOU,30,Tranche 2,Ajouté par MobCom,1,{5acc2230-d44e-4d7a-8dae-4853e7c71efb},2022-09-15,KouassiElodie,2022-10-17,KouassiElodie,POINT (252691.07639999967 842682.5445000008)
285,GBEKE,BOUAKE,BOUAKE,Un village,7.75697692,-4.89056107,ASSENGOU-KPLI,Bassin,ASSENGOU-KAN,30,Tranche 3,Ajouté par MobCom,1,{69d34225-bec0-45d9-921d-5b147bce4d28},2022-09-15,KouassiElodie,2022-10-17,KouassiElodie,POINT (291503.4868999999 857895.8358999994)
286,GBEKE,BOUAKE,BOUAKE,Un village,7.75734414,-4.8520052,ASSENGOU-KPLI,Bassin,ADIKRO,30,Tranche 3,Ajouté par MobCom,1,{fcf38c84-cdee-4afe-92c5-87e667471b5c},2022-09-15,KouassiElodie,2022-10-17,KouassiElodie,POINT (295757.1690999996 857917.6952)
287,GBEKE,BEOUMI,BEOUMI,Un village,7.67155469,-5.56341677,ASSENZE,Bassin,TOUNZOUEBO,30,Tranche 3,Ajouté par MobCom,1,{4729fc5d-90eb-4298-8234-a16d478a3451},2022-09-15,KouassiElodie,2022-10-17,KouassiElodie,POINT (217200.4698999999 848832.9378999993)
288,GBEKE,BEOUMI,BEOUMI,Un village,7.70178168,-5.56202201,ASSENZE,Bassin,NDOLISAKASSOU,30,Tranche 3,Ajouté par MobCom,1,{cd51b974-0d55-421f-8b2b-e8807ae30708},2022-09-15,KouassiElodie,2022-10-17,KouassiElodie,POINT (217374.46030000038 852176.8545999993)
289,GBEKE,BEOUMI,BEOUMI,Un village,7.71068492,-5.55353784,ASSENZE,Bassin,SOLO,30,Tranche 3,Ajouté par MobCom,1,{ca06e671-e40a-4778-87b0-05b7ecbb6c80},2022-09-15,KouassiElodie,2022-10-17,KouassiElodie,POINT (218316.87270000018 853156.4498999994)
290,GBEKE,BEOUMI,BEOUMI,Un village,7.71391405,-5.5518889,ASSENZE,Bassin,OUAOUASSI,30,Tranche 3,Ajouté par MobCom,1,{802670c5-b222-406d-9121-7da5fa4f6802},2022-09-15,KouassiElodie,2022-10-17,KouassiElodie,POINT (218501.02309999987 853512.6855999995)
291,GBEKE,BEOUMI,BEOUMI,Un village,7.72192706,-5.55057929,ASSENZE,Bassin,OUAOUASSI-DEMAKRO,30,Tranche 3,Ajouté par MobCom,1,{70fbd649-690d-4994-8014-379c94d5c23e},2022-09-15,KouassiElodie,2022-10-17,KouassiElodie,POINT (218650.8833999997 854398.5123999994)
292,GBEKE,BEOUMI,BEOUMI,Un village,7.7137917,-5.51040075,ASSENZE,Bassin,AKAYAOKRO,30,Tranche 3,Ajouté par MobCom,1,{035c886c-c4bf-4d1f-bd82-d7be1a9b4303},2022-09-15,KouassiElodie,2022-10-17,KouassiElodie,POINT (223080.3700000001 853471.9749999996)
293,GBEKE,BOUAKE,BOUAKE,Un village,7.83615311,-5.04216165,BAMORO,Bassin,BESSELIKRO,30,Tranche 3,Ajouté par MobCom (Vérifier les coord),1,{ba30039c-422b-4f20-9c47-69df742714b0},2022-09-15,KouassiElodie,2022-10-17,KouassiElodie,POINT (274820.2895999998 866731.7019999996)
294,GBEKE,BOUAKE,BOUAKE,Un village,7.82896329,-5.04844676,BAMORO,Bassin,ASSANKOUADIOKRO,30,Tranche 3,Ajouté par MobCom (Vérifier les coord),1,{395dae38-0368-4b16-a968-72cca9ec8127},2022-09-15,KouassiElodie,2022-10-17,KouassiElodie,POINT (274123.0970999999 865939.7455000002)
295,GBEKE,BOUAKE,BOUAKE,Un village,7.82690804,-5.01752095,BAMORO,Bassin,AKAKRO,30,Tranche 3,Ajouté par MobCom (Vérifier les coord),1,{22fb3396-b5cf-4334-83b0-298d74448531},2022-09-15,KouassiElodie,2022-10-17,KouassiElodie,POINT (277533.4924999997 865695.9038999993)
296,GBEKE,BOUAKE,BOUAKE,Un village,7.84504869,-5.02695716,BAMORO,Bassin,AKPLA ASSOUMANKRO,30,Tranche 3,Ajouté par MobCom (Vérifier les coord),1,{456100e7-458b-49d8-bf8b-c9b5b72c97fe},2022-09-15,KouassiElodie,2022-10-17,KouassiElodie,POINT (276502.25040000025 867707.5878999997)
297,GBEKE,BOUAKE,BOUAKE,Un village,7.85766372,-5.03013468,BAMORO,Bassin,AHOUSSI TAKIKRO,30,Tranche 3,Ajouté par MobCom (Vérifier les coord),1,{64a87ba2-d18e-4c62-b576-065561ff924a},2022-09-15,KouassiElodie,2022-10-17,KouassiElodie,POINT (276158.5031000003 869104.7317999993)
298,GBEKE,BOUAKE,BOUAKE,Un village,7.81232782,-5.04805461,BAMORO,Bassin,KOUAKOU MIANKRO,30,Tranche 3,Ajouté par MobCom (Vérifier les coord),1,{ccc4f67b-a2b1-4334-9771-135aef8ed78e},2022-09-15,KouassiElodie,2022-10-17,KouassiElodie,POINT (274157.4024 864099.3343000002)
299,GBEKE,BOUAKE,BOUAKE,Un village,7.79770216,-5.05955501,BAMORO,Bassin,ASSOUAKRO,30,Tranche 3,Ajouté par MobCom (Vérifier les coord),1,{02488f70-cc83-497f-8d08-f912080c8a64},2022-09-15,KouassiElodie,2022-10-17,KouassiElodie,POINT (272880.80289999954 862487.6305)
300,GBEKE,BOUAKE,BOUAKE,Un village,7.85309942,-5.02441288,BAMORO,Bassin,KOUAME-ASSÉKRO,30,Tranche 3,Ajouté par MobCom (Vérifier les coord),1,{ecdfc87d-c848-496e-b684-ea0d6d665885},2022-09-15,KouassiElodie,2022-10-17,KouassiElodie,POINT (276787.20189999975 868596.7858000007)
301,GBEKE,BOUAKE,BOUAKE,Un village,7.82482362,-5.07588062,BAMORO,Bassin,BAMORO GARE,30,Tranche 3,Ajouté par MobCom/ Coordonnées à vérifier,1,{ac2c7510-20b3-42ae-bea4-4a83efe86409},2022-09-15,KouassiElodie,2022-10-17,KouassiElodie,POINT (271094.5014000004 865496.6547999997)
302,GBEKE,BOUAKE,BOUAKE,Un village,7.83244824,-5.04577946,BAMORO,Bassin,ASSOUMANDJOKRO,30,Tranche 3,Ajouté par MobCom (Vérifier les coord),1,{1b9e37de-90f6-42cc-b0a7-9237c17cec1c},2022-09-15,KouassiElodie,2022-10-17,KouassiElodie,POINT (274419.21109999996 866323.8143000007)
303,GBEKE,BOUAKE,BOUAKE,Un village,7.84239164,-5.07263371,BAMORO,Bassin,ADJEKPLOTI,30,Tranche 3,Ajouté par MobCom,1,{22514e52-4e99-4a88-8dfc-60cc4c765c09},2022-09-15,KouassiElodie,2022-10-17,KouassiElodie,POINT (271462.2729000002 867438.2770000007)
304,GBEKE,BOUAKE,BOUAKE,Un village,7.84489886,-5.05389343,BAMORO,Bassin,YEBOUEKRO,30,Tranche 3,Ajouté par MobCom,1,{9ee6daf3-3ce0-4761-aa74-5376cd9fe3ea},2022-09-15,KouassiElodie,2022-10-17,KouassiElodie,POINT (273530.8777999999 867705.4626000002)
305,GBEKE,BOUAKE,BOUAKE,Un village,7.83243611,-5.0801289,BAMORO,Bassin,KONANKRO,30,Tranche 3,Ajouté par MobCom,1,{c143f1c6-74b3-4a60-a847-38c5018a8586},2022-09-15,KouassiElodie,2022-10-17,KouassiElodie,POINT (270630.0142000001 866341.0734999999)
306,GBEKE,BEOUMI,BEOUMI,Un village,7.60811364,-5.63479861,DIVIESSOU,Bassin,TCHINTCHINIKRO,30,Tranche 2,Ajouté par MobCom,1,{da7310b7-edf3-4929-bb07-2ef7f6c7c41a},2022-09-15,KouassiElodie,2022-10-17,KouassiElodie,POINT (209277.2586000003 841860.0976)
307,GBEKE,BOTRO,LANGUIBONOU,Un village,7.78569562,-5.29522904,KLEMEKLO,Bassin,KOFFIKOUAKRO,30,Tranche 2,Ajouté par MobCom,1,{973582ca-b820-48bb-bd50-31f954036626},2022-09-15,KouassiElodie,2022-10-17,KouassiElodie,POINT (246871.63410000037 861293.4019000009)
308,GBEKE,BOUAKE,BOUAKE,Un village,7.71786996,-4.88379273,KOBLEKRO,Bassin,SÉZÉNOU,30,Tranche 2,Ajouté par MobCom,1,{2af223f9-5b40-49d9-b935-8a9c17b91293},2022-09-15,KouassiElodie,2022-10-17,KouassiElodie,POINT (292231.02610000037 853566.966)
309,GBEKE,BOTRO,BOTRO,Un village,7.81858208,-5.32320601,KOUKROUTIE,Bassin,ZAGBLA,30,Tranche 3,Ajouté par MobCom,1,{9029c508-1a3e-441c-acca-f9998f508aa7},2022-09-15,KouassiElodie,2022-10-17,KouassiElodie,POINT (243804.61459999997 864948.7807999998)
310,GBEKE,BOTRO,LANGUIBONOU,Un village,7.80768401,-5.29349567,KLEMEKLO,Bassin,KAYABO,30,Tranche 2,Ajouté par MobCom/ A rétirer,2,{d5613430-0909-4fe2-bb46-7394fcf216aa},2022-09-15,KouassiElodie,2022-10-17,KouassiElodie,POINT (247076.11500000022 863725.0803999994)
311,GBEKE,BOTRO,BOTRO,Un village,7.81701118,-5.29656483,KOUKROUTIE,Bassin,KOMO,30,Tranche 3,Ajouté par MobCom,1,{9bb1b1b6-ea63-4a7a-8104-880e98a1455b},2022-09-15,KouassiElodie,2022-10-17,KouassiElodie,POINT (246743.10170000046 864758.8516000006)
312,GBEKE,BEOUMI,BEOUMI,Un village,7.58623405,-5.38542753,KOUMAMBO,Bassin,KOUEKRO,30,Tranche 2,Ajouté par MobCom,1,{f3adf44e-7a8a-4570-b883-da02326ff0fd},2022-09-15,KouassiElodie,2022-10-17,KouassiElodie,POINT (236795.70309999958 839279.4863000009)
313,GBEKE,BEOUMI,BODOKRO,Un village,8.09834872,-5.45643586,MARABADIASSA,Bassin,OKOUKRO,30,Tranche 3,Ajouté par MobCom,1,{eb054d8e-31e6-4d12-9645-dafd50f342a5},2022-09-15,KouassiElodie,2022-10-17,KouassiElodie,POINT (229287.84690000024 895988.3564999998)
314,GBEKE,BEOUMI,BODOKRO,Un village,8.0875887,-5.43787928,MARABADIASSA,Bassin,ALLOKOKRO,30,Tranche 3,Ajouté par MobCom (Vérifier les coord),1,{7ec241e6-a733-473b-ac08-8fbcde0a8d22},2022-09-15,KouassiElodie,2022-10-17,KouassiElodie,POINT (231326.94180000015 894785.4524000008)
315,GBEKE,BEOUMI,BODOKRO,Un village,8.08713855,-5.39910603,MARABADIASSA,Bassin,BLIMPLO,30,Tranche 3,Ajouté par MobCom,1,{d2f89af3-4ec3-431f-b695-f7627058350b},2022-09-15,KouassiElodie,2022-10-17,KouassiElodie,POINT (235602.1936999997 894710.2401)
316,GBEKE,BOUAKE,BOUAKE,Un village,7.58719675,-4.92001107,MEBO,Bassin,KOKOFLETEKRO,30,Tranche 3,Ajouté par MobCom,1,{a19901d5-360d-49d0-88f1-86c7619715a5},2022-09-15,KouassiElodie,2022-10-17,KouassiElodie,POINT (288170.43900000025 839131.0190999992)
317,GBEKE,BOUAKE,BROBO,Un village,7.632434,-4.82760623,SAKASSOU OTTOKOUKRO,Bassin,KALOUAKRO,30,Tranche 3,Ajouté par MobCom,1,{9120f2b1-dc1d-4d4a-b20e-e4c3506c8921},2022-09-15,KouassiElodie,2022-10-17,KouassiElodie,POINT (298389.7997000003 844090.3945000004)
318,GBEKE,BOUAKE,BROBO,Un village,7.59855922,-4.85581929,SAKASSOU OTTOKOUKRO,Bassin,KISSABO,30,Tranche 3,Ajouté par MobCom (Vérifier les coord),1,{1773bb9d-fa77-4058-ba4a-86733d64b9b1},2022-09-15,KouassiElodie,2022-10-17,KouassiElodie,POINT (295260.37229999993 840356.9397999998)
319,GBEKE,BOUAKE,MAMINI,Un village,7.70121452,-4.71811876,SARAKAKRO,Bassin,BOKAKOUAMEKRO,30,Tranche 3,Ajouté par MobCom,1,{adfb8bfb-8e1a-41ea-aead-0d8a2a5e122a},2022-09-15,KouassiElodie,2022-10-17,KouassiElodie,POINT (310501.8504999997 851647.7203000002)
320,GBEKE,BOUAKE,MAMINI,Un village,7.70506532,-4.72450874,SARAKAKRO,Bassin,TAKIKRO,30,Tranche 3,Ajouté par MobCom,1,{a36fefa4-ceed-4688-ad18-f492eaa39525},2022-09-15,KouassiElodie,2022-10-17,KouassiElodie,POINT (309798.58660000004 852076.4519999996)
321,GBEKE,SAKASSOU,AYAOU-SRAN,Un village,7.35264918,-5.59414314,SRAN-BELAKRO,Bassin,SRAN-OUANDICOHOUN,30,Tranche 2,Ajouté par MobCom (Vérifer les coord),1,{010fe217-609c-4222-ba65-17396c92917e},2022-09-15,KouassiElodie,2022-10-17,KouassiElodie,POINT (213599.42470000032 813563.4767000005)
322,GBEKE,SAKASSOU,AYAOU-SRAN,Un village,7.35426701,-5.59131804,SRAN-BELAKRO,Bassin,SRAN-OUALÈBO,30,Tranche 2,Ajouté par MobCom (Vérifer les coord),1,{09478d59-e7e5-40cc-8a00-2c427106c144},2022-09-15,KouassiElodie,2022-10-17,KouassiElodie,POINT (213912.56850000005 813740.6950000003)
323,GBEKE,SAKASSOU,AYAOU-SRAN,Un village,7.34916562,-5.58893822,SRAN-BELAKRO,Bassin,SRAN-SROULA,30,Tranche 2,Ajouté par MobCom (Vérifer les coord),1,{36620d7e-2555-44d2-9cc4-60c52b920e44},2022-09-15,KouassiElodie,2022-10-17,KouassiElodie,POINT (214172.2134999996 813174.6619000006)
324,GBEKE,BOUAKE,DJEBONOUA,Un village,7.52591426,-5.12568991,TOLLA-TANOUKRO,Bassin,KANOUA,30,Tranche 3,Ajouté par MobCom,1,{05983dd9-61ff-4569-beac-0f2dfa064370},2022-09-15,KouassiElodie,2022-10-17,KouassiElodie,POINT (265435.7355000004 832457.6219999995)
325,GBEKE,BOUAKE,DJEBONOUA,Un village,7.55572809,-5.09906587,TOLLA-TANOUKRO,Bassin,ATTOHOU,30,Tranche 3,Ajouté par MobCom,1,{b812c4fc-1ee6-456d-8d76-7490ca186070},2022-09-15,KouassiElodie,2022-10-17,KouassiElodie,POINT (268390.7774 835741.4675999992)
326,GBEKE,BOUAKE,DJEBONOUA,Un village,7.51571851,-5.09459608,TOLLA-TANOUKRO,Bassin,KOUAKOU-OUSSOUKRO,30,Tranche 3,Ajouté par MobCom,1,{74143178-958c-4032-899a-b0dc94ffd157},2022-09-15,KouassiElodie,2022-10-17,KouassiElodie,POINT (268862.9559000004 831313.1930999998)
327,GBEKE,BOUAKE,DJEBONOUA,Un village,7.50537507,-5.12243525,TOLLA-TANOUKRO,Bassin,KOUAPRIKRO,30,Tranche 3,Ajouté par MobCom,1,{199b2055-260b-4882-aba6-50e4862ffbb8},2022-09-15,KouassiElodie,2022-10-17,KouassiElodie,POINT (265784.02440000046 830183.7728000004)
328,GBEKE,BOUAKE,BOUNDA,Un village,7.55592453,-4.68592403,YEGUEBO-BOUAKRO,Bassin,KOUAKOU KOUADIOKRO,30,Tranche 2,Ajouté par MobCom,1,{a68ab07e-d913-4fde-b590-32b1a21ab5bf},2022-09-15,KouassiElodie,2022-12-15,KouassiElodie,POINT (313990.95440000016 835565.0692999996)
329,GBEKE,BOTRO,DIABO,Un village,7.785996,-5.227062,SINZEKRO,Bassin,GROH,30,Tranche 1,,1,{640f9630-17f4-4efe-a711-71c4efa5c180},2022-09-15,KouassiElodie,2022-10-17,KouassiElodie,POINT (254393.31230000034 861286.4011000004)
330,GBEKE,BOUAKE,DJEBONOUA,Un village,7.51785,-4.987506,TIEPLE,Bassin,AMOINKANOUKRO,30,Tranche 1,Ajouté par MOB COM,1,{12ddfe19-f446-48b3-b024-2eae96be1af6},2022-09-15,KouassiElodie,2022-10-17,KouassiElodie,POINT (280686.06740000006 831493.8571000006)
331,GBEKE,BOUAKE,DJEBONOUA,Un village,7.542202,-5.027813,TIEPLE,Bassin,N'GBRENZUE,30,Tranche 1,,1,{a140eca9-d07d-4fae-b376-7531180771a7},2022-09-15,KouassiElodie,2022-10-17,KouassiElodie,POINT (276249.04949999973 834207.9962000009)
332,GBEKE,BOUAKE,MAMINI,Un village,7.73672819,-4.76958055,MAMINI,Bassin,AHOUNZANKRO,30,Tranche 1,,1,{18844ed9-a1d5-4ac2-8903-a4345fee0eac},2022-09-15,KouassiElodie,2022-10-17,KouassiElodie,POINT (304840.4977000002 855598.7405999992)
333,GBEKE,BOUAKE,DJEBONOUA,Un village,7.53288098,-4.99812443,TIEPLE,Bassin,AKAOUA,30,Tranche 1,"Selon le rapport d'acceptabilité et l'équipe ESP, ce village ne fait pas partie du Bassin/ Village appartient au bassin",1,{c11a5591-af87-4058-8c17-4736f1bc0b4c},2022-09-15,KouassiElodie,2022-12-02,KouassiElodie,POINT (279521.4989 833161.8368999995)
334,GBEKE,BOUAKE,MAMINI,Un village,7.71632921125,-4.8072921016,MAMINI,Bassin,KOUBEKRO,30,Tranche 1,"Ajouté par AJI selon les travaux de Mob Com, Ce village figure dans le bassin de Mamini dont le rapport PRMS est validé",1,{fd6969df-245a-416b-bc50-9e29dd864096},2022-09-15,JenhaniAnis_ext,2022-10-18,KouassiElodie,POINT (300670.55510000046 853360.0305000003)
335,GBEKE,BOTRO,LANGUIBONOU,Un village,7.69359,-5.321966,AHOUGNANFOUTOU,Bassin,GBANGBANHOUKAN,30,Tranche 1,,1,{e4167c24-8b44-40de-8d7a-16a9fb6df589},2022-10-18,KouassiElodie,2022-10-18,KouassiElodie,POINT (243865.75540000014 851119.1041000001)
336,GBEKE,BOTRO,LANGUIBONOU,Un village,7.660737,-5.341455,AHOUGNANFOUTOU,Bassin,GBOKOUKRO,30,Tranche 1,,1,{6b53fbc8-133a-46a7-ac5f-c3888b0473d2},2022-10-18,KouassiElodie,2022-10-18,KouassiElodie,POINT (241694.9265999999 847495.9890999999)
337,GBEKE,BOTRO,LANGUIBONOU,Un village,7.689163,-5.305124,AHOUGNANFOUTOU,Bassin,GOLIKRO,30,Tranche 1,,1,{463806c3-8dc7-41ef-9bb5-45052b95b765},2022-10-18,KouassiElodie,2022-10-18,KouassiElodie,POINT (245721.92150000017 850619.2609999999)
338,GBEKE,BOTRO,LANGUIBONOU,Un village,7.691694,-5.308078,AHOUGNANFOUTOU,Bassin,LOSSINKRO,30,Tranche 1,,1,{5b7fb265-0fda-4ac2-b81c-8f0111aa2ad3},2022-10-18,KouassiElodie,2022-10-18,KouassiElodie,POINT (245397.40519999992 850901.0405000001)
339,GBEKE,BOTRO,LANGUIBONOU,Un village,7.690065,-5.304571,AHOUGNANFOUTOU,Bassin,LANGUIKRO,30,Tranche 1,,1,{bb84f88c-ca2b-4519-9e33-f58a77c7a6f1},2022-10-18,KouassiElodie,2022-10-18,KouassiElodie,POINT (245783.4922000002 850718.7267000005)
340,GBEKE,BOUAKE,BOUAKE,Un village,7.653405,-5.130743,BENDEKOUASSIKRO,Bassin,KOUAKOUKRO,30,Tranche 1,,1,{5c302b40-1d09-46a2-9cc1-32a635d99eeb},2022-10-18,KouassiElodie,2022-10-18,KouassiElodie,POINT (264947.1958999997 846563.8373000007)
341,GBEKE,BOUAKE,BOUAKE,Un village,7.651978,-5.130672,BENDEKOUASSIKRO,Bassin,PINEKRO,30,Tranche 1,,1,{39b19159-8e58-4cf1-b3a2-93af2ee00d60},2022-10-18,KouassiElodie,2022-10-18,KouassiElodie,POINT (264954.2496999996 846405.9379999992)
342,GBEKE,BEOUMI,LOLOBO,Un village,7.784135,-5.391931,LOLOBO,Bassin,APANI-MANGOUAKRO,30,Tranche 1,,1,{2c5ce95d-dab9-43a0-887b-6ce68c8c62b4},2022-12-13,KouassiElodie,2022-12-13,KouassiElodie,POINT (236200.0323999999 861179.8896999992)
343,GBEKE,BEOUMI,LOLOBO,Un village,7.778999,-5.3893,LOLOBO,Bassin,N'ZINGOUANOU,30,Tranche 1,,1,{5df20e43-fa40-44ed-9864-5e108ca79790},2022-12-13,KouassiElodie,2022-12-13,KouassiElodie,POINT (236487.1514999997 860609.9820000008)
344,GBEKE,BOUAKE,DJEBONOUA,Un village,7.441475,-5.06736,KONDOUKRO,Bassin,PANANGO,30,Tranche 2,,1,{793d361b-cfca-40ec-a8fa-2102ed3d582c},2022-12-20,KouassiElodie,2022-12-20,KouassiElodie,POINT (271831.12629999965 823086.1685000006)
345,GBEKE,BEOUMI,ANDO-KEKRENOU,Un village,7.50023,-5.660646,LINGUEBO,Bassin,TIESSOU 2,30,Tranche 2,,1,{444968f4-0484-4bd2-9128-70cb23774c44},2022-12-20,KouassiElodie,2022-12-20,KouassiElodie,POINT (206350.34580000024 829938.6088999994)
346,GBEKE,BEOUMI,BODOKRO,Un village,7.865665,-5.538092,N'DAKRO,Bassin,KONGODJAN,30,Tranche 2,,1,{aa142b1c-579c-4d29-bc9b-84bdd67ddb5b},2022-12-20,KouassiElodie,2022-12-20,KouassiElodie,POINT (220124.81819999963 870295.7086999994)
347,GBEKE,SAKASSOU,AYAOU-SRAN,Un village,7.351692,-5.592223,SRAN-BELAKRO,Bassin,SRAN OULESSI,30,Tranche 2,,1,{03584941-d251-4a64-a5e1-058169765a1b},2022-12-20,KouassiElodie,2022-12-20,KouassiElodie,POINT (213810.9411000004 813456.3270999994)
